video_id,frame,event_type,stroke_type,point_end_type,player
Indoor Match 1 15.53.25,750,point_start,,,
Indoor Match 1 15.53.25,750,hit,serve,,
Indoor Match 1 15.53.25,760,point_end,,net_error,
Indoor Match 1 15.53.25,1452,point_start,,,
Indoor Match 1 15.53.25,1452,hit,serve,,
Indoor Match 1 15.53.25,1472,bounce,,,
Indoor Match 1 15.53.25,1482,hit,backhand,,
Indoor Match 1 15.53.25,1510,bounce,,,
Indoor Match 1 15.53.25,1525,hit,backhand,,
Indoor Match 1 15.53.25,1553,bounce,,,
Indoor Match 1 15.53.25,1562,hit,backhand,,
Indoor Match 1 15.53.25,1590,bounce,,,
Indoor Match 1 15.53.25,1590,point_end,,unforced_error,
Indoor Match 1 15.53.25,2217,point_start,,,
Indoor Match 1 15.53.25,2217,hit,serve,,
Indoor Match 1 15.53.25,2233,bounce,,,
Indoor Match 1 15.53.25,2246,hit,forehand,,
Indoor Match 1 15.53.25,2271,bounce,,,
Indoor Match 1 15.53.25,2290,hit,forehand,,
Indoor Match 1 15.53.25,2315,bounce,,,
Indoor Match 1 15.53.25,2329,hit,backhand,,
Indoor Match 1 15.53.25,2360,bounce,,,
Indoor Match 1 15.53.25,2360,point_end,,net_error,
Indoor Match 1 15.53.25,3254,point_start,,,
Indoor Match 1 15.53.25,3254,hit,serve,,
Indoor Match 1 15.53.25,3271,bounce,,,
Indoor Match 1 15.53.25,3271,point_end,,unforced_error,
Indoor Match 1 15.53.25,3937,point_start,,,
Indoor Match 1 15.53.25,3937,hit,serve,,
Indoor Match 1 15.53.25,3956,bounce,,,
Indoor Match 1 15.53.25,3969,hit,forehand,,
Indoor Match 1 15.53.25,3995,bounce,,,
Indoor Match 1 15.53.25,3995,point_end,,unforced_error,
Indoor Match 1 15.53.25,6145,point_start,,,
Indoor Match 1 15.53.25,6145,hit,serve,,
Indoor Match 1 15.53.25,6162,bounce,,,
Indoor Match 1 15.53.25,6179,hit,forehand,,
Indoor Match 1 15.53.25,6205,bounce,,,
Indoor Match 1 15.53.25,6214,hit,backhand,,
Indoor Match 1 15.53.25,6243,bounce,,,
Indoor Match 1 15.53.25,6258,hit,forehand,,
Indoor Match 1 15.53.25,6301,hit,forehand,,
Indoor Match 1 15.53.25,6343,bounce,,,
Indoor Match 1 15.53.25,6355,hit,forehand,,
Indoor Match 1 15.53.25,6378,bounce,,,
Indoor Match 1 15.53.25,6397,hit,backhand,,
Indoor Match 1 15.53.25,6428,bounce,,,
Indoor Match 1 15.53.25,6448,hit,backhand,,
Indoor Match 1 15.53.25,6481,bounce,,,
Indoor Match 1 15.53.25,6481,point_end,,unforced_error,
Indoor Match 1 15.53.25,7244,point_start,,,
Indoor Match 1 15.53.25,7244,hit,serve,,
Indoor Match 1 15.53.25,7257,point_end,,net_error,
Indoor Match 1 15.53.25,7475,point_start,,,
Indoor Match 1 15.53.25,7475,hit,serve,,
Indoor Match 1 15.53.25,7495,bounce,,,
Indoor Match 1 15.53.25,7513,hit,backhand,,
Indoor Match 1 15.53.25,7535,bounce,,,
Indoor Match 1 15.53.25,7549,hit,backhand,,
Indoor Match 1 15.53.25,7579,bounce,,,
Indoor Match 1 15.53.25,7598,hit,forehand,,
Indoor Match 1 15.53.25,7645,hit,forehand,,
Indoor Match 1 15.53.25,7681,bounce,,,
Indoor Match 1 15.53.25,7700,hit,forehand,,
Indoor Match 1 15.53.25,7713,point_end,,net_error,
Indoor Match 1 15.53.25,8599,point_start,,,
Indoor Match 1 15.53.25,8599,hit,serve,,
Indoor Match 1 15.53.25,8614,bounce,,,
Indoor Match 1 15.53.25,8631,hit,forehand,,
Indoor Match 1 15.53.25,8690,point_end,,forced_error,
Indoor Match 1 15.53.25,9269,hit,serve,,
Indoor Match 1 15.53.25,9269,point_start,,,
Indoor Match 1 15.53.25,9282,point_end,,net_error,
Indoor Match 1 15.53.25,9631,hit,serve,,
Indoor Match 1 15.53.25,9631,point_start,,,
Indoor Match 1 15.53.25,9648,bounce,,,
Indoor Match 1 15.53.25,9661,hit,forehand,,
Indoor Match 1 15.53.25,9687,bounce,,,
Indoor Match 1 15.53.25,9697,hit,backhand,,
Indoor Match 1 15.53.25,9734,bounce,,,
Indoor Match 1 15.53.25,9756,hit,forehand,,
Indoor Match 1 15.53.25,9782,bounce,,,
Indoor Match 1 15.53.25,9796,hit,backhand,,
Indoor Match 1 15.53.25,9831,bounce,,,
Indoor Match 1 15.53.25,9842,hit,backhand,,
Indoor Match 1 15.53.25,9875,bounce,,,
Indoor Match 1 15.53.25,9888,hit,backhand,,
Indoor Match 1 15.53.25,9915,bounce,,,
Indoor Match 1 15.53.25,9930,hit,forehand,,
Indoor Match 1 15.53.25,9955,bounce,,,
Indoor Match 1 15.53.25,9972,hit,forehand,,
Indoor Match 1 15.53.25,10021,bounce,,,
Indoor Match 1 15.53.25,10050,hit,forehand,,
Indoor Match 1 15.53.25,10082,bounce,,,
Indoor Match 1 15.53.25,10096,hit,forehand,,
Indoor Match 1 15.53.25,10127,bounce,,,
Indoor Match 1 15.53.25,10133,hit,forehand,,
Indoor Match 1 15.53.25,10188,bounce,,,
Indoor Match 1 15.53.25,10203,hit,forehand,,
Indoor Match 1 15.53.25,10227,bounce,,,
Indoor Match 1 15.53.25,10234,hit,backhand,,
Indoor Match 1 15.53.25,10260,hit,volley,,
Indoor Match 1 15.53.25,10314,bounce,,,
Indoor Match 1 15.53.25,10314,point_end,,unforced_error,
Indoor Match 1 15.53.25,11212,hit,serve,,
Indoor Match 1 15.53.25,11212,point_start,,,
Indoor Match 1 15.53.25,11228,bounce,,,
Indoor Match 1 15.53.25,11243,hit,backhand,,
Indoor Match 1 15.53.25,11276,bounce,,,
Indoor Match 1 15.53.25,11287,hit,backhand,,
Indoor Match 1 15.53.25,11328,bounce,,,
Indoor Match 1 15.53.25,11347,hit,backhand,,
Indoor Match 1 15.53.25,11386,bounce,,,
Indoor Match 1 15.53.25,11399,hit,backhand,,
Indoor Match 1 15.53.25,11422,bounce,,,
Indoor Match 1 15.53.25,11435,hit,forehand,,
Indoor Match 1 15.53.25,11459,bounce,,,
Indoor Match 1 15.53.25,11459,point_end,,unforced_error,
Indoor Match 1 15.53.25,12467,point_start,,,
Indoor Match 1 15.53.25,12467,hit,serve,,
Indoor Match 1 15.53.25,12485,bounce,,,
Indoor Match 1 15.53.25,12485,point_end,,unforced_error,
Indoor Match 1 15.53.25,13021,hit,serve,,
Indoor Match 1 15.53.25,13021,point_start,,,
Indoor Match 1 15.53.25,13036,point_end,,net_error,
Indoor Match 1 15.53.25,13885,hit,serve,,
Indoor Match 1 15.53.25,13885,point_start,,,
Indoor Match 1 15.53.25,13901,bounce,,,
Indoor Match 1 15.53.25,13914,hit,forehand,,
Indoor Match 1 15.53.25,13946,bounce,,,
Indoor Match 1 15.53.25,13960,hit,forehand,,
Indoor Match 1 15.53.25,13982,bounce,,,
Indoor Match 1 15.53.25,14065,hit,volley,,
Indoor Match 1 15.53.25,14076,bounce,,,
Indoor Match 1 15.53.25,14076,point_end,,winner,
Indoor Match 1 15.53.25,14869,point_start,,,
Indoor Match 1 15.53.25,14869,hit,serve,,
Indoor Match 1 15.53.25,14879,point_end,,net_error,
Indoor Match 1 15.53.25,15579,hit,serve,,
Indoor Match 1 15.53.25,15579,point_start,,,
Indoor Match 1 15.53.25,15599,bounce,,,
Indoor Match 1 15.53.25,15609,hit,forehand,,
Indoor Match 1 15.53.25,15644,bounce,,,
Indoor Match 1 15.53.25,15657,hit,forehand,,
Indoor Match 1 15.53.25,15694,bounce,,,
Indoor Match 1 15.53.25,15704,hit,forehand,,
Indoor Match 1 15.53.25,15736,bounce,,,
Indoor Match 1 15.53.25,15754,hit,forehand,,
Indoor Match 1 15.53.25,15776,bounce,,,
Indoor Match 1 15.53.25,15794,hit,backhand,,
Indoor Match 1 15.53.25,15833,bounce,,,
Indoor Match 1 15.53.25,15849,hit,forehand,,
Indoor Match 1 15.53.25,15871,bounce,,,
Indoor Match 1 15.53.25,15887,hit,backhand,,
Indoor Match 1 15.53.25,15915,bounce,,,
Indoor Match 1 15.53.25,15934,hit,backhand,,
Indoor Match 1 15.53.25,15964,bounce,,,
Indoor Match 1 15.53.25,15977,hit,backhand,,
Indoor Match 1 15.53.25,16011,bounce,,,
Indoor Match 1 15.53.25,16030,hit,backhand,,
Indoor Match 1 15.53.25,16083,hit,forehand,,
Indoor Match 1 15.53.25,16105,bounce,,,
Indoor Match 1 15.53.25,16105,point_end,,winner,
Indoor Match 1 15.53.25,17376,point_start,,,
Indoor Match 1 15.53.25,17376,hit,serve,,
Indoor Match 1 15.53.25,17391,bounce,,,
Indoor Match 1 15.53.25,17403,hit,backhand,,
Indoor Match 1 15.53.25,17432,bounce,,,
Indoor Match 1 15.53.25,17451,hit,backhand,,
Indoor Match 1 15.53.25,17478,bounce,,,
Indoor Match 1 15.53.25,17493,hit,forehand,,
Indoor Match 1 15.53.25,17541,bounce,,,
Indoor Match 1 15.53.25,17557,hit,forehand,,
Indoor Match 1 15.53.25,17583,bounce,,,
Indoor Match 1 15.53.25,17595,hit,forehand,,
Indoor Match 1 15.53.25,17629,bounce,,,
Indoor Match 1 15.53.25,17644,hit,backhand,,
Indoor Match 1 15.53.25,17665,bounce,,,
Indoor Match 1 15.53.25,17679,hit,backhand,,
Indoor Match 1 15.53.25,17696,point_end,,net_error,
Indoor Match 1 15.53.25,18505,point_start,,,
Indoor Match 1 15.53.25,18505,hit,serve,,
Indoor Match 1 15.53.25,18523,bounce,,,
Indoor Match 1 15.53.25,18523,point_end,,unforced_error,
Indoor Match 1 15.53.25,19143,point_start,,,
Indoor Match 1 15.53.25,19143,hit,serve,,
Indoor Match 1 15.53.25,19163,bounce,,,
Indoor Match 1 15.53.25,19178,hit,forehand,,
Indoor Match 1 15.53.25,19205,bounce,,,
Indoor Match 1 15.53.25,19214,hit,forehand,,
Indoor Match 1 15.53.25,19246,bounce,,,
Indoor Match 1 15.53.25,19263,hit,forehand,,
Indoor Match 1 15.53.25,19283,bounce,,,
Indoor Match 1 15.53.25,19297,hit,backhand,,
Indoor Match 1 15.53.25,19366,bounce,,,
Indoor Match 1 15.53.25,19399,hit,forehand,,
Indoor Match 1 15.53.25,19425,bounce,,,
Indoor Match 1 15.53.25,19444,hit,backhand,,
Indoor Match 1 15.53.25,19479,bounce,,,
Indoor Match 1 15.53.25,19479,point_end,,unforced_error,
Indoor Match 1 15.53.25,20490,point_start,,,
Indoor Match 1 15.53.25,20490,hit,serve,,
Indoor Match 1 15.53.25,20504,bounce,,,
Indoor Match 1 15.53.25,20518,hit,forehand,,
Indoor Match 1 15.53.25,20568,bounce,,,
Indoor Match 1 15.53.25,20584,hit,forehand,,
Indoor Match 1 15.53.25,20610,bounce,,,
Indoor Match 1 15.53.25,20610,point_end,,winner,
Indoor Match 1 15.53.25,21702,point_start,,,
Indoor Match 1 15.53.25,21702,hit,serve,,
Indoor Match 1 15.53.25,21720,bounce,,,
Indoor Match 1 15.53.25,21720,point_end,,unforced_error,
Indoor Match 1 15.53.25,22300,point_start,,,
Indoor Match 1 15.53.25,22300,hit,serve,,
Indoor Match 1 15.53.25,22322,bounce,,,
Indoor Match 1 15.53.25,22332,hit,backhand,,
Indoor Match 1 15.53.25,22355,bounce,,,
Indoor Match 1 15.53.25,22372,hit,forehand,,
Indoor Match 1 15.53.25,22406,bounce,,,
Indoor Match 1 15.53.25,22414,hit,backhand,,
Indoor Match 1 15.53.25,22452,bounce,,,
Indoor Match 1 15.53.25,22471,hit,forehand,,
Indoor Match 1 15.53.25,22492,bounce,,,
Indoor Match 1 15.53.25,22503,hit,forehand,,
Indoor Match 1 15.53.25,22539,bounce,,,
Indoor Match 1 15.53.25,22558,hit,backhand,,
Indoor Match 1 15.53.25,22592,bounce,,,
Indoor Match 1 15.53.25,22604,hit,forehand,,
Indoor Match 1 15.53.25,22633,bounce,,,
Indoor Match 1 15.53.25,22649,hit,backhand,,
Indoor Match 1 15.53.25,22675,bounce,,,
Indoor Match 1 15.53.25,22691,hit,forehand,,
Indoor Match 1 15.53.25,22725,bounce,,,
Indoor Match 1 15.53.25,22735,hit,backhand,,
Indoor Match 1 15.53.25,22763,bounce,,,
Indoor Match 1 15.53.25,22781,hit,backhand,,
Indoor Match 1 15.53.25,22822,bounce,,,
Indoor Match 1 15.53.25,22846,hit,forehand,,
Indoor Match 1 15.53.25,22865,hit,volley,,
Indoor Match 1 15.53.25,22920,bounce,,,
Indoor Match 1 15.53.25,22920,point_end,,winner,
Indoor Match 1 15.53.25,25958,point_start,,,
Indoor Match 1 15.53.25,25958,hit,serve,,
Indoor Match 1 15.53.25,25976,bounce,,,
Indoor Match 1 15.53.25,25976,point_end,,unforced_error,
Indoor Match 1 15.53.25,26307,point_start,,,
Indoor Match 1 15.53.25,26307,hit,serve,,
Indoor Match 1 15.53.25,26324,bounce,,,
Indoor Match 1 15.53.25,26338,hit,forehand,,
Indoor Match 1 15.53.25,26369,bounce,,,
Indoor Match 1 15.53.25,26384,hit,backhand,,
Indoor Match 1 15.53.25,26419,bounce,,,
Indoor Match 1 15.53.25,26437,hit,backhand,,
Indoor Match 1 15.53.25,26466,bounce,,,
Indoor Match 1 15.53.25,26477,hit,backhand,,
Indoor Match 1 15.53.25,26503,bounce,,,
Indoor Match 1 15.53.25,26515,hit,forehand,,
Indoor Match 1 15.53.25,26544,bounce,,,
Indoor Match 1 15.53.25,26558,hit,forehand,,
Indoor Match 1 15.53.25,26576,bounce,,,
Indoor Match 1 15.53.25,26590,hit,forehand,,
Indoor Match 1 15.53.25,26623,bounce,,,
Indoor Match 1 15.53.25,26634,hit,backhand,,
Indoor Match 1 15.53.25,26659,bounce,,,
Indoor Match 1 15.53.25,26680,hit,forehand,,
Indoor Match 1 15.53.25,26707,bounce,,,
Indoor Match 1 15.53.25,26725,hit,forehand,,
Indoor Match 1 15.53.25,26765,bounce,,,
Indoor Match 1 15.53.25,26776,hit,forehand,,
Indoor Match 1 15.53.25,26796,bounce,,,
Indoor Match 1 15.53.25,26811,hit,backhand,,
Indoor Match 1 15.53.25,26846,bounce,,,
Indoor Match 1 15.53.25,26865,hit,forehand,,
Indoor Match 1 15.53.25,26890,bounce,,,
Indoor Match 1 15.53.25,26900,hit,backhand,,
Indoor Match 1 15.53.25,26977,bounce,,,
Indoor Match 1 15.53.25,26977,point_end,,unforced_error,
Indoor Match 1 15.53.25,27692,point_start,,,
Indoor Match 1 15.53.25,27692,hit,serve,,
Indoor Match 1 15.53.25,27709,bounce,,,
Indoor Match 1 15.53.25,27721,hit,backhand,,
Indoor Match 1 15.53.25,27754,bounce,,,
Indoor Match 1 15.53.25,27754,point_end,,forced_error,
Indoor Match 1 15.53.25,28363,point_start,,,
Indoor Match 1 15.53.25,28363,hit,serve,,
Indoor Match 1 15.53.25,28375,point_end,,net_error,
Indoor Match 1 15.53.25,28917,point_start,,,
Indoor Match 1 15.53.25,28917,hit,serve,,
Indoor Match 1 15.53.25,28936,bounce,,,
Indoor Match 1 15.53.25,28949,hit,forehand,,
Indoor Match 1 15.53.25,28975,bounce,,,
Indoor Match 1 15.53.25,28991,hit,backhand,,
Indoor Match 1 15.53.25,29020,bounce,,,
Indoor Match 1 15.53.25,29036,hit,forehand,,
Indoor Match 1 15.53.25,29061,bounce,,,
Indoor Match 1 15.53.25,29076,hit,backhand,,
Indoor Match 1 15.53.25,29122,bounce,,,
Indoor Match 1 15.53.25,29138,hit,forehand,,
Indoor Match 1 15.53.25,29166,bounce,,,
Indoor Match 1 15.53.25,29166,point_end,,unforced_error,
Indoor Match 1 15.53.25,29739,point_start,,,
Indoor Match 1 15.53.25,29739,hit,serve,,
Indoor Match 1 15.53.25,29753,bounce,,,
Indoor Match 1 15.53.25,29768,hit,forehand,,
Indoor Match 1 15.53.25,29799,bounce,,,
Indoor Match 1 15.53.25,29810,hit,backhand,,
Indoor Match 1 15.53.25,29832,bounce,,,
Indoor Match 1 15.53.25,29851,hit,backhand,,
Indoor Match 1 15.53.25,29895,bounce,,,
Indoor Match 1 15.53.25,29911,hit,forehand,,
Indoor Match 1 15.53.25,29942,bounce,,,
Indoor Match 1 15.53.25,29956,hit,backhand,,
Indoor Match 1 15.53.25,29983,bounce,,,
Indoor Match 1 15.53.25,29996,hit,backhand,,
Indoor Match 1 15.53.25,30025,bounce,,,
Indoor Match 1 15.53.25,30044,hit,forehand,,
Indoor Match 1 15.53.25,30078,bounce,,,
Indoor Match 1 15.53.25,30086,hit,backhand,,
Indoor Match 1 15.53.25,30119,bounce,,,
Indoor Match 1 15.53.25,30132,hit,backhand,,
Indoor Match 1 15.53.25,30160,bounce,,,
Indoor Match 1 15.53.25,30169,hit,backhand,,
Indoor Match 1 15.53.25,30204,bounce,,,
Indoor Match 1 15.53.25,30218,hit,backhand,,
Indoor Match 1 15.53.25,30253,bounce,,,
Indoor Match 1 15.53.25,30264,hit,backhand,,
Indoor Match 1 15.53.25,30289,bounce,,,
Indoor Match 1 15.53.25,30297,hit,forehand,,
Indoor Match 1 15.53.25,30329,bounce,,,
Indoor Match 1 15.53.25,30351,hit,forehand,,
Indoor Match 1 15.53.25,30402,bounce,,,
Indoor Match 1 15.53.25,30411,hit,forehand,,
Indoor Match 1 15.53.25,30434,bounce,,,
Indoor Match 1 15.53.25,30451,hit,backhand,,
Indoor Match 1 15.53.25,30490,bounce,,,
Indoor Match 1 15.53.25,30502,hit,forehand,,
Indoor Match 1 15.53.25,30525,bounce,,,
Indoor Match 1 15.53.25,30543,hit,backhand,,
Indoor Match 1 15.53.25,30574,bounce,,,
Indoor Match 1 15.53.25,30587,hit,forehand,,
Indoor Match 1 15.53.25,30613,bounce,,,
Indoor Match 1 15.53.25,30631,hit,forehand,,
Indoor Match 1 15.53.25,30655,bounce,,,
Indoor Match 1 15.53.25,30670,hit,backhand,,
Indoor Match 1 15.53.25,30694,hit,volley,,
Indoor Match 1 15.53.25,30729,bounce,,,
Indoor Match 1 15.53.25,30743,hit,forehand,,
Indoor Match 1 15.53.25,30762,hit,volley,,
Indoor Match 1 15.53.25,30795,bounce,,,
Indoor Match 1 15.53.25,30811,hit,backhand,,
Indoor Match 1 15.53.25,30829,hit,volley,,
Indoor Match 1 15.53.25,30858,bounce,,,
Indoor Match 1 15.53.25,30858,point_end,,unforced_error,
Indoor Match 1 15.53.25,31826,hit,serve,,
Indoor Match 1 15.53.25,31826,point_start,,,
Indoor Match 1 15.53.25,31844,bounce,,,
Indoor Match 1 15.53.25,31844,point_end,,unforced_error,
Indoor Match 1 15.53.25,32166,point_start,,,
Indoor Match 1 15.53.25,32166,hit,serve,,
Indoor Match 1 15.53.25,32184,bounce,,,
Indoor Match 1 15.53.25,32199,hit,forehand,,
Indoor Match 1 15.53.25,32234,bounce,,,
Indoor Match 1 15.53.25,32241,hit,backhand,,
Indoor Match 1 15.53.25,32279,bounce,,,
Indoor Match 1 15.53.25,32279,point_end,,winner,
Indoor Match 1 15.53.25,32978,point_start,,,
Indoor Match 1 15.53.25,32978,hit,serve,,
Indoor Match 1 15.53.25,32992,bounce,,,
Indoor Match 1 15.53.25,33005,hit,forehand,,
Indoor Match 1 15.53.25,33033,bounce,,,
Indoor Match 1 15.53.25,33045,hit,backhand,,
Indoor Match 1 15.53.25,33087,bounce,,,
Indoor Match 1 15.53.25,33107,hit,backhand,,
Indoor Match 1 15.53.25,33116,point_end,,net_error,
Indoor Match 1 15.53.25,34052,point_start,,,
Indoor Match 1 15.53.25,34052,hit,serve,,
Indoor Match 1 15.53.25,34069,bounce,,,
Indoor Match 1 15.53.25,34069,point_end,,unforced_error,
Indoor Match 1 15.53.25,34510,point_start,,,
Indoor Match 1 15.53.25,34510,hit,serve,,
Indoor Match 1 15.53.25,34528,bounce,,,
Indoor Match 1 15.53.25,34546,hit,backhand,,
Indoor Match 1 15.53.25,34574,bounce,,,
Indoor Match 1 15.53.25,34590,hit,backhand,,
Indoor Match 1 15.53.25,34624,bounce,,,
Indoor Match 1 15.53.25,34639,hit,backhand,,
Indoor Match 1 15.53.25,34668,bounce,,,
Indoor Match 1 15.53.25,34681,hit,forehand,,
Indoor Match 1 15.53.25,34711,bounce,,,
Indoor Match 1 15.53.25,34727,hit,backhand,,
Indoor Match 1 15.53.25,34753,bounce,,,
Indoor Match 1 15.53.25,34776,hit,backhand,,
Indoor Match 1 15.53.25,34829,bounce,,,
Indoor Match 1 15.53.25,34847,hit,forehand,,
Indoor Match 1 15.53.25,34864,bounce,,,
Indoor Match 1 15.53.25,34864,point_end,,winner,
Indoor Match 1 15.53.25,35945,point_start,,,
Indoor Match 1 15.53.25,35945,hit,serve,,
Indoor Match 1 15.53.25,35956,point_end,,net_error,
Indoor Match 1 15.53.25,36789,point_start,,,
Indoor Match 1 15.53.25,36789,hit,serve,,
Indoor Match 1 15.53.25,36808,bounce,,,
Indoor Match 1 15.53.25,36822,hit,forehand,,
Indoor Match 1 15.53.25,36847,bounce,,,
Indoor Match 1 15.53.25,36847,point_end,,winner,
Indoor Match 1 15.53.25,37823,point_start,,,
Indoor Match 1 15.53.25,37823,hit,serve,,
Indoor Match 1 15.53.25,37839,bounce,,,
Indoor Match 1 15.53.25,37839,point_end,,unforced_error,
Indoor Match 1 15.53.25,38421,point_start,,,
Indoor Match 1 15.53.25,38421,hit,serve,,
Indoor Match 1 15.53.25,38440,bounce,,,
Indoor Match 1 15.53.25,38455,hit,backhand,,
Indoor Match 1 15.53.25,38491,bounce,,,
Indoor Match 1 15.53.25,38516,hit,forehand,,
Indoor Match 1 15.53.25,38539,hit,volley,,
Indoor Match 1 15.53.25,38593,bounce,,,
Indoor Match 1 15.53.25,38593,point_end,,winner,
Indoor Match 1 15.53.25,40420,point_start,,,
Indoor Match 1 15.53.25,40420,hit,serve,,
Indoor Match 1 15.53.25,40435,bounce,,,
Indoor Match 1 15.53.25,40448,hit,backhand,,
Indoor Match 1 15.53.25,40475,bounce,,,
Indoor Match 1 15.53.25,40490,hit,forehand,,
Indoor Match 1 15.53.25,40518,bounce,,,
Indoor Match 1 15.53.25,40535,hit,forehand,,
Indoor Match 1 15.53.25,40564,bounce,,,
Indoor Match 1 15.53.25,40583,hit,backhand,,
Indoor Match 1 15.53.25,40610,bounce,,,
Indoor Match 1 15.53.25,40626,hit,forehand,,
Indoor Match 1 15.53.25,40651,bounce,,,
Indoor Match 1 15.53.25,40671,hit,backhand,,
Indoor Match 1 15.53.25,40699,bounce,,,
Indoor Match 1 15.53.25,40708,hit,backhand,,
Indoor Match 1 15.53.25,40739,bounce,,,
Indoor Match 1 15.53.25,40753,hit,forehand,,
Indoor Match 1 15.53.25,40794,bounce,,,
Indoor Match 1 15.53.25,40803,hit,forehand,,
Indoor Match 1 15.53.25,40832,bounce,,,
Indoor Match 1 15.53.25,40844,hit,forehand,,
Indoor Match 1 15.53.25,40873,bounce,,,
Indoor Match 1 15.53.25,40888,hit,forehand,,
Indoor Match 1 15.53.25,40931,bounce,,,
Indoor Match 1 15.53.25,40945,hit,forehand,,
Indoor Match 1 15.53.25,40965,bounce,,,
Indoor Match 1 15.53.25,40983,hit,backhand,,
Indoor Match 1 15.53.25,41013,point_end,,net_error,
Indoor Match 1 15.53.25,41806,point_start,,,
Indoor Match 1 15.53.25,41806,hit,serve,,
Indoor Match 1 15.53.25,41823,bounce,,,
Indoor Match 1 15.53.25,41838,hit,forehand,,
Indoor Match 1 15.53.25,41868,bounce,,,
Indoor Match 1 15.53.25,41882,hit,backhand,,
Indoor Match 1 15.53.25,41906,bounce,,,
Indoor Match 1 15.53.25,41924,hit,backhand,,
Indoor Match 1 15.53.25,41971,bounce,,,
Indoor Match 1 15.53.25,41991,hit,forehand,,
Indoor Match 1 15.53.25,42018,bounce,,,
Indoor Match 1 15.53.25,42029,hit,backhand,,
Indoor Match 1 15.53.25,42065,hit,volley,,
Indoor Match 1 15.53.25,42091,bounce,,,
Indoor Match 1 15.53.25,42091,point_end,,winner,
Indoor Match 1 15.53.25,43114,point_start,,,
Indoor Match 1 15.53.25,43114,hit,serve,,
Indoor Match 1 15.53.25,43138,point_end,,net_error,
Indoor Match 1 15.53.25,43742,point_start,,,
Indoor Match 1 15.53.25,43742,hit,serve,,
Indoor Match 1 15.53.25,43762,bounce,,,
Indoor Match 1 15.53.25,43779,hit,forehand,,
Indoor Match 1 15.53.25,43807,bounce,,,
Indoor Match 1 15.53.25,43824,hit,forehand,,
Indoor Match 1 15.53.25,43851,bounce,,,
Indoor Match 1 15.53.25,43865,hit,forehand,,
Indoor Match 1 15.53.25,43889,bounce,,,
Indoor Match 1 15.53.25,43907,hit,forehand,,
Indoor Match 1 15.53.25,43930,bounce,,,
Indoor Match 1 15.53.25,43949,hit,backhand,,
Indoor Match 1 15.53.25,43996,bounce,,,
Indoor Match 1 15.53.25,44004,hit,backhand,,
Indoor Match 1 15.53.25,44037,bounce,,,
Indoor Match 1 15.53.25,44048,hit,backhand,,
Indoor Match 1 15.53.25,44083,bounce,,,
Indoor Match 1 15.53.25,44103,hit,forehand,,
Indoor Match 1 15.53.25,44146,bounce,,,
Indoor Match 1 15.53.25,44158,hit,forehand,,
Indoor Match 1 15.53.25,44186,bounce,,,
Indoor Match 1 15.53.25,44186,point_end,,unforced_error,
Indoor Match 1 15.53.25,44996,point_start,,,
Indoor Match 1 15.53.25,44996,hit,serve,,
Indoor Match 1 15.53.25,45012,bounce,,,
Indoor Match 1 15.53.25,45025,hit,backhand,,
Indoor Match 1 15.53.25,45058,bounce,,,
Indoor Match 1 15.53.25,45074,hit,backhand,,
Indoor Match 1 15.53.25,45096,bounce,,,
Indoor Match 1 15.53.25,45117,hit,backhand,,
Indoor Match 1 15.53.25,45156,bounce,,,
Indoor Match 1 15.53.25,45170,hit,forehand,,
Indoor Match 1 15.53.25,45193,bounce,,,
Indoor Match 1 15.53.25,45209,hit,forehand,,
Indoor Match 1 15.53.25,45249,bounce,,,
Indoor Match 1 15.53.25,45264,hit,backhand,,
Indoor Match 1 15.53.25,45291,bounce,,,
Indoor Match 1 15.53.25,45303,hit,backhand,,
Indoor Match 1 15.53.25,45327,bounce,,,
Indoor Match 1 15.53.25,45340,hit,forehand,,
Indoor Match 1 15.53.25,45373,bounce,,,
Indoor Match 1 15.53.25,45386,hit,forehand,,
Indoor Match 1 15.53.25,45418,bounce,,,
Indoor Match 1 15.53.25,45434,hit,forehand,,
Indoor Match 1 15.53.25,45464,bounce,,,
Indoor Match 1 15.53.25,45479,hit,forehand,,
Indoor Match 1 15.53.25,45502,bounce,,,
Indoor Match 1 15.53.25,45521,hit,forehand,,
Indoor Match 1 15.53.25,45549,bounce,,,
Indoor Match 1 15.53.25,45560,hit,forehand,,
Indoor Match 1 15.53.25,45575,point_end,,net_error,
Indoor Match 1 15.53.25,48866,point_start,,,
Indoor Match 1 15.53.25,48866,hit,serve,,
Indoor Match 1 15.53.25,48882,bounce,,,
Indoor Match 1 15.53.25,48898,hit,backhand,,
Indoor Match 1 15.53.25,48925,bounce,,,
Indoor Match 1 15.53.25,48939,hit,forehand,,
Indoor Match 1 15.53.25,48961,bounce,,,
Indoor Match 1 15.53.25,48981,hit,forehand,,
Indoor Match 1 15.53.25,49009,bounce,,,
Indoor Match 1 15.53.25,49021,hit,forehand,,
Indoor Match 1 15.53.25,49035,point_end,,net_error,
Indoor Match 1 15.53.25,49647,point_start,,,
Indoor Match 1 15.53.25,49647,hit,serve,,
Indoor Match 1 15.53.25,49658,point_end,,net_error,
Indoor Match 1 15.53.25,50180,point_start,,,
Indoor Match 1 15.53.25,50180,hit,serve,,
Indoor Match 1 15.53.25,50199,bounce,,,
Indoor Match 1 15.53.25,50215,hit,backhand,,
Indoor Match 1 15.53.25,50235,bounce,,,
Indoor Match 1 15.53.25,50252,hit,backhand,,
Indoor Match 1 15.53.25,50300,bounce,,,
Indoor Match 1 15.53.25,50315,hit,backhand,,
Indoor Match 1 15.53.25,50344,bounce,,,
Indoor Match 1 15.53.25,50359,hit,backhand,,
Indoor Match 1 15.53.25,50388,bounce,,,
Indoor Match 1 15.53.25,50399,hit,backhand,,
Indoor Match 1 15.53.25,50432,bounce,,,
Indoor Match 1 15.53.25,50440,hit,backhand,,
Indoor Match 1 15.53.25,50468,bounce,,,
Indoor Match 1 15.53.25,50484,hit,forehand,,
Indoor Match 1 15.53.25,50519,bounce,,,
Indoor Match 1 15.53.25,50525,hit,forehand,,
Indoor Match 1 15.53.25,50564,bounce,,,
Indoor Match 1 15.53.25,50575,hit,backhand,,
Indoor Match 1 15.53.25,50601,bounce,,,
Indoor Match 1 15.53.25,50616,hit,backhand,,
Indoor Match 1 15.53.25,50668,bounce,,,
Indoor Match 1 15.53.25,50690,hit,forehand,,
Indoor Match 1 15.53.25,50717,bounce,,,
Indoor Match 1 15.53.25,50731,hit,forehand,,
Indoor Match 1 15.53.25,50768,bounce,,,
Indoor Match 1 15.53.25,50780,hit,forehand,,
Indoor Match 1 15.53.25,50812,bounce,,,
Indoor Match 1 15.53.25,50820,hit,forehand,,
Indoor Match 1 15.53.25,50847,bounce,,,
Indoor Match 1 15.53.25,50863,hit,forehand,,
Indoor Match 1 15.53.25,50878,point_end,,net_error,
Indoor Match 1 15.53.25,52251,point_start,,,
Indoor Match 1 15.53.25,52251,hit,serve,,
Indoor Match 1 15.53.25,52265,bounce,,,
Indoor Match 1 15.53.25,52279,hit,forehand,,
Indoor Match 1 15.53.25,52304,bounce,,,
Indoor Match 1 15.53.25,52316,hit,backhand,,
Indoor Match 1 15.53.25,52335,point_end,,net_error,
Indoor Match 1 15.53.25,53025,point_start,,,
Indoor Match 1 15.53.25,53025,hit,serve,,
Indoor Match 1 15.53.25,53040,bounce,,,
Indoor Match 1 15.53.25,53053,hit,forehand,,
Indoor Match 1 15.53.25,53086,bounce,,,
Indoor Match 1 15.53.25,53105,hit,forehand,,
Indoor Match 1 15.53.25,53133,bounce,,,
Indoor Match 1 15.53.25,53150,hit,backhand,,
Indoor Match 1 15.53.25,53176,bounce,,,
Indoor Match 1 15.53.25,53193,hit,forehand,,
Indoor Match 1 15.53.25,53224,bounce,,,
Indoor Match 1 15.53.25,53241,hit,backhand,,
Indoor Match 1 15.53.25,53269,bounce,,,
Indoor Match 1 15.53.25,53281,hit,backhand,,
Indoor Match 1 15.53.25,53300,bounce,,,
Indoor Match 1 15.53.25,53317,hit,forehand,,
Indoor Match 1 15.53.25,53362,hit,overhead,,
Indoor Match 1 15.53.25,53377,bounce,,,
Indoor Match 1 15.53.25,53377,point_end,,winner,
Indoor Match 1 15.53.25,54296,point_start,,,
Indoor Match 1 15.53.25,54296,hit,serve,,
Indoor Match 1 15.53.25,54311,bounce,,,
Indoor Match 1 15.53.25,54327,hit,forehand,,
Indoor Match 1 15.53.25,54361,bounce,,,
Indoor Match 1 15.53.25,54368,hit,forehand,,
Indoor Match 1 15.53.25,54408,bounce,,,
Indoor Match 1 15.53.25,54423,hit,forehand,,
Indoor Match 1 15.53.25,54436,point_end,,net_error,
Indoor Match 1 15.53.25,55294,point_start,,,
Indoor Match 1 15.53.25,55294,hit,serve,,
Indoor Match 1 15.53.25,55310,bounce,,,
Indoor Match 1 15.53.25,55324,hit,backhand,,
Indoor Match 1 15.53.25,55359,bounce,,,
Indoor Match 1 15.53.25,55369,hit,backhand,,
Indoor Match 1 15.53.25,55401,bounce,,,
Indoor Match 1 15.53.25,55417,hit,forehand,,
Indoor Match 1 15.53.25,55443,bounce,,,
Indoor Match 1 15.53.25,55456,hit,forehand,,
Indoor Match 1 15.53.25,55490,bounce,,,
Indoor Match 1 15.53.25,55504,hit,forehand,,
Indoor Match 1 15.53.25,55534,bounce,,,
Indoor Match 1 15.53.25,55545,hit,forehand,,
Indoor Match 1 15.53.25,55585,bounce,,,
Indoor Match 1 15.53.25,55585,point_end,,unforced_error,
Indoor Match 1 15.53.25,56457,point_start,,,
Indoor Match 1 15.53.25,56457,hit,serve,,
Indoor Match 1 15.53.25,56474,bounce,,,
Indoor Match 1 15.53.25,56489,hit,backhand,,
Indoor Match 1 15.53.25,56516,bounce,,,
Indoor Match 1 15.53.25,56528,hit,backhand,,
Indoor Match 1 15.53.25,56570,bounce,,,
Indoor Match 1 15.53.25,56585,hit,forehand,,
Indoor Match 1 15.53.25,56613,bounce,,,
Indoor Match 1 15.53.25,56629,hit,forehand,,
Indoor Match 1 15.53.25,56670,bounce,,,
Indoor Match 1 15.53.25,56683,hit,backhand,,
Indoor Match 1 15.53.25,56712,bounce,,,
Indoor Match 1 15.53.25,56729,hit,backhand,,
Indoor Match 1 15.53.25,56761,bounce,,,
Indoor Match 1 15.53.25,56777,hit,forehand,,
Indoor Match 1 15.53.25,56804,bounce,,,
Indoor Match 1 15.53.25,56815,hit,backhand,,
Indoor Match 1 15.53.25,56894,hit,overhead,,
Indoor Match 1 15.53.25,56907,bounce,,,
Indoor Match 1 15.53.25,56907,point_end,,winner,
Indoor Match 1 15.53.25,58176,point_start,,,
Indoor Match 1 15.53.25,58176,hit,serve,,
Indoor Match 1 15.53.25,58193,bounce,,,
Indoor Match 1 15.53.25,58206,hit,forehand,,
Indoor Match 1 15.53.25,58215,point_end,,unforced_error,
Indoor Match 1 15.53.25,58215,bounce,,,
Indoor Match 1 15.53.25,58781,point_start,,,
Indoor Match 1 15.53.25,58781,hit,serve,,
Indoor Match 1 15.53.25,58799,bounce,,,
Indoor Match 1 15.53.25,58799,point_end,,unforced_error,
Indoor Match 1 15.53.25,59479,point_start,,,
Indoor Match 1 15.53.25,59479,hit,serve,,
Indoor Match 1 15.53.25,59500,bounce,,,
Indoor Match 1 15.53.25,59513,hit,backhand,,
Indoor Match 1 15.53.25,59535,bounce,,,
Indoor Match 1 15.53.25,59535,point_end,,winner,
Indoor Match 1 15.53.25,60523,point_start,,,
Indoor Match 1 15.53.25,60523,hit,serve,,
Indoor Match 1 15.53.25,60539,bounce,,,
Indoor Match 1 15.53.25,60555,hit,forehand,,
Indoor Match 1 15.53.25,60588,bounce,,,
Indoor Match 1 15.53.25,60606,hit,forehand,,
Indoor Match 1 15.53.25,60635,bounce,,,
Indoor Match 1 15.53.25,60646,hit,forehand,,
Indoor Match 1 15.53.25,60683,point_end,,net_error,
Indoor Match 1 15.53.25,61372,point_start,,,
Indoor Match 1 15.53.25,61372,hit,serve,,
Indoor Match 1 15.53.25,61384,point_end,,net_error,
Indoor Match 1 15.53.25,62181,point_start,,,
Indoor Match 1 15.53.25,62181,hit,serve,,
Indoor Match 1 15.53.25,62204,bounce,,,
Indoor Match 1 15.53.25,62204,point_end,,unforced_error,
Indoor Match 1 15.53.25,63064,point_start,,,
Indoor Match 1 15.53.25,63064,hit,serve,,
Indoor Match 1 15.53.25,63080,bounce,,,
Indoor Match 1 15.53.25,63094,hit,forehand,,
Indoor Match 1 15.53.25,63132,bounce,,,
Indoor Match 1 15.53.25,63149,hit,forehand,,
Indoor Match 1 15.53.25,63170,bounce,,,
Indoor Match 1 15.53.25,63185,hit,backhand,,
Indoor Match 1 15.53.25,63213,bounce,,,
Indoor Match 1 15.53.25,63233,hit,forehand,,
Indoor Match 1 15.53.25,63268,bounce,,,
Indoor Match 1 15.53.25,63279,hit,backhand,,
Indoor Match 1 15.53.25,63321,bounce,,,
Indoor Match 1 15.53.25,63344,hit,forehand,,
Indoor Match 1 15.53.25,63373,bounce,,,
Indoor Match 1 15.53.25,63386,hit,backhand,,
Indoor Match 1 15.53.25,63412,bounce,,,
Indoor Match 1 15.53.25,63428,hit,backhand,,
Indoor Match 1 15.53.25,63458,bounce,,,
Indoor Match 1 15.53.25,63472,hit,forehand,,
Indoor Match 1 15.53.25,63507,bounce,,,
Indoor Match 1 15.53.25,63521,hit,backhand,,
Indoor Match 1 15.53.25,63551,bounce,,,
Indoor Match 1 15.53.25,63566,hit,backhand,,
Indoor Match 1 15.53.25,63615,bounce,,,
Indoor Match 1 15.53.25,63637,hit,forehand,,
Indoor Match 1 15.53.25,63672,bounce,,,
Indoor Match 1 15.53.25,63691,hit,forehand,,
Indoor Match 1 15.53.25,63714,bounce,,,
Indoor Match 1 15.53.25,63727,hit,backhand,,
Indoor Match 1 15.53.25,63758,bounce,,,
Indoor Match 1 15.53.25,63769,hit,backhand,,
Indoor Match 1 15.53.25,63802,bounce,,,
Indoor Match 1 15.53.25,63818,hit,backhand,,
Indoor Match 1 15.53.25,63843,bounce,,,
Indoor Match 1 15.53.25,63855,hit,forehand,,
Indoor Match 1 15.53.25,63888,bounce,,,
Indoor Match 1 15.53.25,63903,hit,forehand,,
Indoor Match 1 15.53.25,63925,bounce,,,
Indoor Match 1 15.53.25,63925,point_end,,winner,
Indoor Match 1 15.53.25,64866,point_start,,,
Indoor Match 1 15.53.25,64866,hit,serve,,
Indoor Match 1 15.53.25,64881,bounce,,,
Indoor Match 1 15.53.25,64896,hit,forehand,,
Indoor Match 1 15.53.25,64920,bounce,,,
Indoor Match 1 15.53.25,64940,hit,backhand,,
Indoor Match 1 15.53.25,64976,bounce,,,
Indoor Match 1 15.53.25,64993,hit,forehand,,
Indoor Match 1 15.53.25,65040,bounce,,,
Indoor Match 1 15.53.25,65052,hit,forehand,,
Indoor Match 1 15.53.25,65080,bounce,,,
Indoor Match 1 15.53.25,65088,hit,backhand,,
Indoor Match 1 15.53.25,65117,bounce,,,
Indoor Match 1 15.53.25,65132,hit,forehand,,
Indoor Match 1 15.53.25,65162,bounce,,,
Indoor Match 1 15.53.25,65173,hit,forehand,,
Indoor Match 1 15.53.25,65204,bounce,,,
Indoor Match 1 15.53.25,65224,hit,backhand,,
Indoor Match 1 15.53.25,65256,bounce,,,
Indoor Match 1 15.53.25,65270,hit,backhand,,
Indoor Match 1 15.53.25,65313,bounce,,,
Indoor Match 1 15.53.25,65327,hit,forehand,,
Indoor Match 1 15.53.25,65347,bounce,,,
Indoor Match 1 15.53.25,65361,hit,forehand,,
Indoor Match 1 15.53.25,65424,bounce,,,
Indoor Match 1 15.53.25,65461,hit,forehand,,
Indoor Match 1 15.53.25,65484,bounce,,,
Indoor Match 1 15.53.25,65500,hit,backhand,,
Indoor Match 1 15.53.25,65555,bounce,,,
Indoor Match 1 15.53.25,65573,hit,forehand,,
Indoor Match 1 15.53.25,65594,bounce,,,
Indoor Match 1 15.53.25,65607,hit,backhand,,
Indoor Match 1 15.53.25,65661,bounce,,,
Indoor Match 1 15.53.25,65680,hit,forehand,,
Indoor Match 1 15.53.25,65697,point_end,,net_error,
Indoor Match 1 15.53.25,67278,point_start,,,
Indoor Match 1 15.53.25,67278,hit,serve,,
Indoor Match 1 15.53.25,67294,bounce,,,
Indoor Match 1 15.53.25,67310,hit,forehand,,
Indoor Match 1 15.53.25,67351,bounce,,,
Indoor Match 1 15.53.25,67375,hit,forehand,,
Indoor Match 1 15.53.25,67419,bounce,,,
Indoor Match 1 15.53.25,67428,hit,forehand,,
Indoor Match 1 15.53.25,67461,bounce,,,
Indoor Match 1 15.53.25,67483,hit,backhand,,
Indoor Match 1 15.53.25,67513,bounce,,,
Indoor Match 1 15.53.25,67531,hit,backhand,,
Indoor Match 1 15.53.25,67567,bounce,,,
Indoor Match 1 15.53.25,67586,hit,backhand,,
Indoor Match 1 15.53.25,67615,bounce,,,
Indoor Match 1 15.53.25,67624,hit,backhand,,
Indoor Match 1 15.53.25,67657,bounce,,,
Indoor Match 1 15.53.25,67673,hit,forehand,,
Indoor Match 1 15.53.25,67711,bounce,,,
Indoor Match 1 15.53.25,67720,hit,forehand,,
Indoor Match 1 15.53.25,67765,bounce,,,
Indoor Match 1 15.53.25,67765,point_end,,unforced_error,
Indoor Match 1 15.53.25,78693,point_start,,,
Indoor Match 1 15.53.25,78693,hit,serve,,
Indoor Match 1 15.53.25,78704,point_end,,net_error,
Indoor Match 1 15.53.25,79114,point_start,,,
Indoor Match 1 15.53.25,79114,hit,serve,,
Indoor Match 1 15.53.25,79135,bounce,,,
Indoor Match 1 15.53.25,79135,point_end,,unforced_error,
Indoor Match 1 15.53.25,79447,point_start,,,
Indoor Match 1 15.53.25,79447,hit,serve,,
Indoor Match 1 15.53.25,79465,bounce,,,
Indoor Match 1 15.53.25,79465,point_end,,unforced_error,
Indoor Match 1 15.53.25,79695,point_start,,,
Indoor Match 1 15.53.25,79695,hit,serve,,
Indoor Match 1 15.53.25,79713,bounce,,,
Indoor Match 1 15.53.25,79730,hit,backhand,,
Indoor Match 1 15.53.25,79758,bounce,,,
Indoor Match 1 15.53.25,79768,hit,forehand,,
Indoor Match 1 15.53.25,79800,bounce,,,
Indoor Match 1 15.53.25,79816,hit,forehand,,
Indoor Match 1 15.53.25,79848,bounce,,,
Indoor Match 1 15.53.25,79848,point_end,,winner,
Indoor Match 1 15.53.25,80317,point_start,,,
Indoor Match 1 15.53.25,80317,hit,serve,,
Indoor Match 1 15.53.25,80331,bounce,,,
Indoor Match 1 15.53.25,80343,hit,backhand,,
Indoor Match 1 15.53.25,80379,bounce,,,
Indoor Match 1 15.53.25,80390,hit,forehand,,
Indoor Match 1 15.53.25,80427,bounce,,,
Indoor Match 1 15.53.25,80442,hit,forehand,,
Indoor Match 1 15.53.25,80490,bounce,,,
Indoor Match 1 15.53.25,80490,point_end,,unforced_error,
Indoor Match 1 15.53.25,81090,point_start,,,
Indoor Match 1 15.53.25,81090,hit,serve,,
Indoor Match 1 15.53.25,81109,bounce,,,
Indoor Match 1 15.53.25,81121,hit,forehand,,
Indoor Match 1 15.53.25,81151,bounce,,,
Indoor Match 1 15.53.25,81172,hit,backhand,,
Indoor Match 1 15.53.25,81211,bounce,,,
Indoor Match 1 15.53.25,81231,hit,forehand,,
Indoor Match 1 15.53.25,81254,bounce,,,
Indoor Match 1 15.53.25,81265,hit,forehand,,
Indoor Match 1 15.53.25,81326,hit,overhead,,
Indoor Match 1 15.53.25,81337,bounce,,,
Indoor Match 1 15.53.25,81357,hit,backhand,,
Indoor Match 1 15.53.25,81392,bounce,,,
Indoor Match 1 15.53.25,81408,hit,backhand,,
Indoor Match 1 15.53.25,81435,bounce,,,
Indoor Match 1 15.53.25,81451,hit,forehand,,
Indoor Match 1 15.53.25,81496,bounce,,,
Indoor Match 1 15.53.25,81507,hit,backhand,,
Indoor Match 1 15.53.25,81538,bounce,,,
Indoor Match 1 15.53.25,81550,hit,backhand,,
Indoor Match 1 15.53.25,81581,bounce,,,
Indoor Match 1 15.53.25,81581,point_end,,unforced_error,
Indoor Match 1 15.53.25,82320,point_start,,,
Indoor Match 1 15.53.25,82320,hit,serve,,
Indoor Match 1 15.53.25,82334,bounce,,,
Indoor Match 1 15.53.25,82345,hit,forehand,,
Indoor Match 1 15.53.25,82379,bounce,,,
Indoor Match 1 15.53.25,82395,hit,forehand,,
Indoor Match 1 15.53.25,82428,bounce,,,
Indoor Match 1 15.53.25,82449,hit,forehand,,
Indoor Match 1 15.53.25,82473,bounce,,,
Indoor Match 1 15.53.25,82496,hit,forehand,,
Indoor Match 1 15.53.25,82542,bounce,,,
Indoor Match 1 15.53.25,82550,hit,backhand,,
Indoor Match 1 15.53.25,82575,bounce,,,
Indoor Match 1 15.53.25,82590,hit,forehand,,
Indoor Match 1 15.53.25,82617,bounce,,,
Indoor Match 1 15.53.25,82631,hit,forehand,,
Indoor Match 1 15.53.25,82653,bounce,,,
Indoor Match 1 15.53.25,82670,hit,forehand,,
Indoor Match 1 15.53.25,82696,bounce,,,
Indoor Match 1 15.53.25,82713,hit,forehand,,
Indoor Match 1 15.53.25,82740,bounce,,,
Indoor Match 1 15.53.25,82757,hit,forehand,,
Indoor Match 1 15.53.25,82781,bounce,,,
Indoor Match 1 15.53.25,82797,hit,forehand,,
Indoor Match 1 15.53.25,82824,bounce,,,
Indoor Match 1 15.53.25,82836,hit,backhand,,
Indoor Match 1 15.53.25,82904,hit,volley,,
Indoor Match 1 15.53.25,82919,bounce,,,
Indoor Match 1 15.53.25,82940,hit,backhand,,
Indoor Match 1 15.53.25,83002,hit,overhead,,
Indoor Match 1 15.53.25,83019,bounce,,,
Indoor Match 1 15.53.25,83019,point_end,,winner,
Indoor Match 1 15.53.25,83660,point_start,,,
Indoor Match 1 15.53.25,83660,hit,serve,,
Indoor Match 1 15.53.25,83675,bounce,,,
Indoor Match 1 15.53.25,83688,hit,forehand,,
Indoor Match 1 15.53.25,83721,bounce,,,
Indoor Match 1 15.53.25,83738,hit,forehand,,
Indoor Match 1 15.53.25,83764,bounce,,,
Indoor Match 1 15.53.25,83775,hit,backhand,,
Indoor Match 1 15.53.25,83809,bounce,,,
Indoor Match 1 15.53.25,83820,hit,forehand,,
Indoor Match 1 15.53.25,83856,bounce,,,
Indoor Match 1 15.53.25,83873,hit,backhand,,
Indoor Match 1 15.53.25,83929,bounce,,,
Indoor Match 1 15.53.25,83929,point_end,,winner,
Indoor Match 1 15.53.25,84555,point_start,,,
Indoor Match 1 15.53.25,84555,hit,serve,,
Indoor Match 1 15.53.25,84570,bounce,,,
Indoor Match 1 15.53.25,84583,hit,forehand,,
Indoor Match 1 15.53.25,84613,bounce,,,
Indoor Match 1 15.53.25,84625,hit,backhand,,
Indoor Match 1 15.53.25,84666,bounce,,,
Indoor Match 1 15.53.25,84687,hit,forehand,,
Indoor Match 1 15.53.25,84721,bounce,,,
Indoor Match 1 15.53.25,84733,hit,forehand,,
Indoor Match 1 15.53.25,84759,hit,volley,,
Indoor Match 1 15.53.25,84770,point_end,,forced_error,
Indoor Match 1 15.53.25,85627,point_start,,,
Indoor Match 1 15.53.25,85627,hit,serve,,
Indoor Match 1 15.53.25,85644,bounce,,,
Indoor Match 1 15.53.25,85644,point_end,,unforced_error,
Indoor Match 1 15.53.25,85996,point_start,,,
Indoor Match 1 15.53.25,85996,hit,serve,,
Indoor Match 1 15.53.25,86010,point_end,,net_error,
Indoor Match 1 15.53.25,92441,point_start,,,
Indoor Match 1 15.53.25,92441,hit,serve,,
Indoor Match 1 15.53.25,92457,bounce,,,
Indoor Match 1 15.53.25,92466,hit,forehand,,
Indoor Match 1 15.53.25,92492,bounce,,,
Indoor Match 1 15.53.25,92504,hit,backhand,,
Indoor Match 1 15.53.25,92533,bounce,,,
Indoor Match 1 15.53.25,92553,hit,forehand,,
Indoor Match 1 15.53.25,92587,bounce,,,
Indoor Match 1 15.53.25,92601,hit,backhand,,
Indoor Match 1 15.53.25,92632,bounce,,,
Indoor Match 1 15.53.25,92648,hit,forehand,,
Indoor Match 1 15.53.25,92672,point_end,,net_error,
Indoor Match 1 15.53.25,93439,point_start,,,
Indoor Match 1 15.53.25,93439,hit,serve,,
Indoor Match 1 15.53.25,93453,bounce,,,
Indoor Match 1 15.53.25,93467,hit,backhand,,
Indoor Match 1 15.53.25,93501,bounce,,,
Indoor Match 1 15.53.25,93520,hit,forehand,,
Indoor Match 1 15.53.25,93555,bounce,,,
Indoor Match 1 15.53.25,93565,hit,backhand,,
Indoor Match 1 15.53.25,93596,bounce,,,
Indoor Match 1 15.53.25,93609,hit,forehand,,
Indoor Match 1 15.53.25,93635,bounce,,,
Indoor Match 1 15.53.25,93648,hit,forehand,,
Indoor Match 1 15.53.25,93688,bounce,,,
Indoor Match 1 15.53.25,93705,hit,forehand,,
Indoor Match 1 15.53.25,93740,bounce,,,
Indoor Match 1 15.53.25,93755,hit,forehand,,
Indoor Match 1 15.53.25,93788,bounce,,,
Indoor Match 1 15.53.25,93800,hit,backhand,,
Indoor Match 1 15.53.25,93824,bounce,,,
Indoor Match 1 15.53.25,93836,hit,backhand,,
Indoor Match 1 15.53.25,93867,bounce,,,
Indoor Match 1 15.53.25,93885,hit,backhand,,
Indoor Match 1 15.53.25,93911,bounce,,,
Indoor Match 1 15.53.25,93926,hit,forehand,,
Indoor Match 1 15.53.25,93973,bounce,,,
Indoor Match 1 15.53.25,93982,hit,backhand,,
Indoor Match 1 15.53.25,94003,bounce,,,
Indoor Match 1 15.53.25,94014,hit,backhand,,
Indoor Match 1 15.53.25,94032,point_end,,net_error,
Indoor Match 1 15.53.25,94770,point_start,,,
Indoor Match 1 15.53.25,94770,hit,serve,,
Indoor Match 1 15.53.25,94786,bounce,,,
Indoor Match 1 15.53.25,94797,hit,forehand,,
Indoor Match 1 15.53.25,94827,bounce,,,
Indoor Match 1 15.53.25,94841,hit,backhand,,
Indoor Match 1 15.53.25,94877,bounce,,,
Indoor Match 1 15.53.25,94888,hit,backhand,,
Indoor Match 1 15.53.25,94926,bounce,,,
Indoor Match 1 15.53.25,94946,hit,forehand,,
Indoor Match 1 15.53.25,94965,bounce,,,
Indoor Match 1 15.53.25,94981,hit,backhand,,
Indoor Match 1 15.53.25,95012,bounce,,,
Indoor Match 1 15.53.25,95027,hit,forehand,,
Indoor Match 1 15.53.25,95052,bounce,,,
Indoor Match 1 15.53.25,95065,hit,backhand,,
Indoor Match 1 15.53.25,95112,bounce,,,
Indoor Match 1 15.53.25,95126,hit,backhand,,
Indoor Match 1 15.53.25,95157,bounce,,,
Indoor Match 1 15.53.25,95166,hit,backhand,,
Indoor Match 1 15.53.25,95212,bounce,,,
Indoor Match 1 15.53.25,95236,hit,forehand,,
Indoor Match 1 15.53.25,95262,bounce,,,
Indoor Match 1 15.53.25,95262,point_end,,winner,
Indoor Match 1 15.53.25,96343,point_start,,,
Indoor Match 1 15.53.25,96343,hit,serve,,
Indoor Match 1 15.53.25,96354,point_end,,net_error,
Indoor Match 1 15.53.25,96972,point_start,,,
Indoor Match 1 15.53.25,96972,hit,serve,,
Indoor Match 1 15.53.25,96997,bounce,,,
Indoor Match 1 15.53.25,96997,point_end,,unforced_error,
Indoor Match 1 15.53.25,97917,point_start,,,
Indoor Match 1 15.53.25,97917,hit,serve,,
Indoor Match 1 15.53.25,97933,bounce,,,
Indoor Match 1 15.53.25,97950,hit,backhand,,
Indoor Match 1 15.53.25,97977,bounce,,,
Indoor Match 1 15.53.25,97999,hit,backhand,,
Indoor Match 1 15.53.25,98030,bounce,,,
Indoor Match 1 15.53.25,98044,hit,forehand,,
Indoor Match 1 15.53.25,98075,bounce,,,
Indoor Match 1 15.53.25,98094,hit,forehand,,
Indoor Match 1 15.53.25,98116,bounce,,,
Indoor Match 1 15.53.25,98129,hit,backhand,,
Indoor Match 1 15.53.25,98161,bounce,,,
Indoor Match 1 15.53.25,98178,hit,forehand,,
Indoor Match 1 15.53.25,98205,bounce,,,
Indoor Match 1 15.53.25,98221,hit,forehand,,
Indoor Match 1 15.53.25,98257,bounce,,,
Indoor Match 1 15.53.25,98272,hit,backhand,,
Indoor Match 1 15.53.25,98299,bounce,,,
Indoor Match 1 15.53.25,98316,hit,backhand,,
Indoor Match 1 15.53.25,98343,bounce,,,
Indoor Match 1 15.53.25,98357,hit,forehand,,
Indoor Match 1 15.53.25,98388,bounce,,,
Indoor Match 1 15.53.25,98409,hit,forehand,,
Indoor Match 1 15.53.25,98456,bounce,,,
Indoor Match 1 15.53.25,98466,hit,backhand,,
Indoor Match 1 15.53.25,98496,bounce,,,
Indoor Match 1 15.53.25,98508,hit,backhand,,
Indoor Match 1 15.53.25,98539,bounce,,,
Indoor Match 1 15.53.25,98552,hit,forehand,,
Indoor Match 1 15.53.25,98576,bounce,,,
Indoor Match 1 15.53.25,98603,hit,forehand,,
Indoor Match 1 15.53.25,98635,bounce,,,
Indoor Match 1 15.53.25,98648,hit,forehand,,
Indoor Match 1 15.53.25,98675,bounce,,,
Indoor Match 1 15.53.25,98686,hit,backhand,,
Indoor Match 1 15.53.25,98756,bounce,,,
Indoor Match 1 15.53.25,98756,point_end,,unforced_error,
Indoor Match 1 15.53.25,99719,point_start,,,
Indoor Match 1 15.53.25,99719,hit,serve,,
Indoor Match 1 15.53.25,99735,bounce,,,
Indoor Match 1 15.53.25,99755,hit,forehand,,
Indoor Match 1 15.53.25,99785,bounce,,,
Indoor Match 1 15.53.25,99805,hit,backhand,,
Indoor Match 1 15.53.25,99832,bounce,,,
Indoor Match 1 15.53.25,99848,hit,backhand,,
Indoor Match 1 15.53.25,99884,bounce,,,
Indoor Match 1 15.53.25,99897,hit,backhand,,
Indoor Match 1 15.53.25,99923,bounce,,,
Indoor Match 1 15.53.25,99934,hit,backhand,,
Indoor Match 1 15.53.25,99961,bounce,,,
Indoor Match 1 15.53.25,99970,hit,forehand,,
Indoor Match 1 15.53.25,99997,hit,volley,,
Indoor Match 1 15.53.25,100008,point_end,,net_error,
Indoor Match 1 15.53.25,102261,point_start,,,
Indoor Match 1 15.53.25,102261,hit,serve,,
Indoor Match 1 15.53.25,102276,bounce,,,
Indoor Match 1 15.53.25,102289,hit,forehand,,
Indoor Match 1 15.53.25,102314,bounce,,,
Indoor Match 1 15.53.25,102331,hit,forehand,,
Indoor Match 1 15.53.25,102361,bounce,,,
Indoor Match 1 15.53.25,102371,hit,backhand,,
Indoor Match 1 15.53.25,102397,hit,volley,,
Indoor Match 1 15.53.25,102442,bounce,,,
Indoor Match 1 15.53.25,102459,hit,forehand,,
Indoor Match 1 15.53.25,102479,bounce,,,
Indoor Match 1 15.53.25,102479,point_end,,winner,
Indoor Match 1 15.53.25,103199,point_start,,,
Indoor Match 1 15.53.25,103199,hit,serve,,
Indoor Match 1 15.53.25,103208,point_end,,net_error,
Indoor Match 1 15.53.25,103652,point_start,,,
Indoor Match 1 15.53.25,103652,hit,serve,,
Indoor Match 1 15.53.25,103671,bounce,,,
Indoor Match 1 15.53.25,103688,hit,backhand,,
Indoor Match 1 15.53.25,103717,bounce,,,
Indoor Match 1 15.53.25,103730,hit,backhand,,
Indoor Match 1 15.53.25,103764,bounce,,,
Indoor Match 1 15.53.25,103764,point_end,,unforced_error,
Indoor Match 1 15.53.25,104490,point_start,,,
Indoor Match 1 15.53.25,104490,hit,serve,,
Indoor Match 1 15.53.25,104510,bounce,,,
Indoor Match 1 15.53.25,104510,point_end,,unforced_error,
Indoor Match 1 15.53.25,104856,point_start,,,
Indoor Match 1 15.53.25,104856,hit,serve,,
Indoor Match 1 15.53.25,104873,bounce,,,
Indoor Match 1 15.53.25,104891,hit,forehand,,
Indoor Match 1 15.53.25,104927,bounce,,,
Indoor Match 1 15.53.25,104927,point_end,,unforced_error,
Indoor Match 1 15.53.25,105588,point_start,,,
Indoor Match 1 15.53.25,105588,hit,serve,,
Indoor Match 1 15.53.25,105606,bounce,,,
Indoor Match 1 15.53.25,105627,hit,backhand,,
Indoor Match 1 15.53.25,105653,bounce,,,
Indoor Match 1 15.53.25,105664,hit,forehand,,
Indoor Match 1 15.53.25,105697,bounce,,,
Indoor Match 1 15.53.25,105713,hit,forehand,,
Indoor Match 1 15.53.25,105728,point_end,,net_error,
Indoor Match 1 15.53.25,106637,point_start,,,
Indoor Match 1 15.53.25,106637,hit,serve,,
Indoor Match 1 15.53.25,106654,bounce,,,
Indoor Match 1 15.53.25,106668,hit,forehand,,
Indoor Match 1 15.53.25,106698,bounce,,,
Indoor Match 1 15.53.25,106707,hit,backhand,,
Indoor Match 1 15.53.25,106741,bounce,,,
Indoor Match 1 15.53.25,106757,hit,forehand,,
Indoor Match 1 15.53.25,106789,bounce,,,
Indoor Match 1 15.53.25,106802,hit,forehand,,
Indoor Match 1 15.53.25,106829,bounce,,,
Indoor Match 1 15.53.25,106847,hit,backhand,,
Indoor Match 1 15.53.25,106879,bounce,,,
Indoor Match 1 15.53.25,106890,hit,backhand,,
Indoor Match 1 15.53.25,106921,bounce,,,
Indoor Match 1 15.53.25,106939,hit,backhand,,
Indoor Match 1 15.53.25,106963,bounce,,,
Indoor Match 1 15.53.25,106977,hit,backhand,,
Indoor Match 1 15.53.25,107006,bounce,,,
Indoor Match 1 15.53.25,107019,hit,backhand,,
Indoor Match 1 15.53.25,107052,bounce,,,
Indoor Match 1 15.53.25,107065,hit,backhand,,
Indoor Match 1 15.53.25,107080,point_end,,net_error,
Indoor Match 1 15.53.25,107694,point_start,,,
Indoor Match 1 15.53.25,107694,hit,serve,,
Indoor Match 1 15.53.25,107711,bounce,,,
Indoor Match 1 15.53.25,107731,hit,forehand,,
Indoor Match 1 15.53.25,107761,bounce,,,
Indoor Match 1 15.53.25,107776,hit,backhand,,
Indoor Match 1 15.53.25,107805,bounce,,,
Indoor Match 1 15.53.25,107823,hit,backhand,,
Indoor Match 1 15.53.25,107861,bounce,,,
Indoor Match 1 15.53.25,107876,hit,forehand,,
Indoor Match 1 15.53.25,107906,bounce,,,
Indoor Match 1 15.53.25,107923,hit,backhand,,
Indoor Match 1 15.53.25,107953,bounce,,,
Indoor Match 1 15.53.25,107959,hit,backhand,,
Indoor Match 1 15.53.25,107996,bounce,,,
Indoor Match 1 15.53.25,108016,hit,forehand,,
Indoor Match 1 15.53.25,108041,bounce,,,
Indoor Match 1 15.53.25,108057,hit,backhand,,
Indoor Match 1 15.53.25,108092,bounce,,,
Indoor Match 1 15.53.25,108107,hit,backhand,,
Indoor Match 1 15.53.25,108139,bounce,,,
Indoor Match 1 15.53.25,108148,hit,backhand,,
Indoor Match 1 15.53.25,108176,bounce,,,
Indoor Match 1 15.53.25,108188,hit,forehand,,
Indoor Match 1 15.53.25,108221,bounce,,,
Indoor Match 1 15.53.25,108234,hit,forehand,,
Indoor Match 1 15.53.25,108258,bounce,,,
Indoor Match 1 15.53.25,108274,hit,backhand,,
Indoor Match 1 15.53.25,108308,bounce,,,
Indoor Match 1 15.53.25,108324,hit,backhand,,
Indoor Match 1 15.53.25,108374,hit,volley,,
Indoor Match 1 15.53.25,108389,bounce,,,
Indoor Match 1 15.53.25,108407,hit,forehand,,
Indoor Match 1 15.53.25,108463,hit,overhead,,
Indoor Match 1 15.53.25,108474,bounce,,,
Indoor Match 1 15.53.25,108474,point_end,,winner,
Indoor Match 1 15.53.25,110278,point_start,,,
Indoor Match 1 15.53.25,110278,hit,serve,,
Indoor Match 1 15.53.25,110293,bounce,,,
Indoor Match 1 15.53.25,110305,hit,forehand,,
Indoor Match 1 15.53.25,110328,bounce,,,
Indoor Match 1 15.53.25,110347,hit,backhand,,
Indoor Match 1 15.53.25,110374,bounce,,,
Indoor Match 1 15.53.25,110393,hit,backhand,,
Indoor Match 1 15.53.25,110424,bounce,,,
Indoor Match 1 15.53.25,110437,hit,forehand,,
Indoor Match 1 15.53.25,110457,hit,volley,,
Indoor Match 1 15.53.25,110485,bounce,,,
Indoor Match 1 15.53.25,110509,hit,backhand,,
Indoor Match 1 15.53.25,110538,bounce,,,
Indoor Match 1 15.53.25,110538,point_end,,forced_error,
Indoor Match 1 15.53.25,111391,point_start,,,
Indoor Match 1 15.53.25,111391,hit,serve,,
Indoor Match 1 15.53.25,111406,bounce,,,
Indoor Match 1 15.53.25,111418,hit,backhand,,
Indoor Match 1 15.53.25,111455,bounce,,,
Indoor Match 1 15.53.25,111469,hit,forehand,,
Indoor Match 1 15.53.25,111501,bounce,,,
Indoor Match 1 15.53.25,111512,hit,backhand,,
Indoor Match 1 15.53.25,111556,bounce,,,
Indoor Match 1 15.53.25,111572,hit,forehand,,
Indoor Match 1 15.53.25,111594,bounce,,,
Indoor Match 1 15.53.25,111609,hit,backhand,,
Indoor Match 1 15.53.25,111666,bounce,,,
Indoor Match 1 15.53.25,111691,hit,forehand,,
Indoor Match 1 15.53.25,111725,bounce,,,
Indoor Match 1 15.53.25,111725,point_end,,unforced_error,
Indoor Match 1 15.53.25,112735,point_start,,,
Indoor Match 1 15.53.25,112735,hit,serve,,
Indoor Match 1 15.53.25,112751,bounce,,,
Indoor Match 1 15.53.25,112767,hit,forehand,,
Indoor Match 1 15.53.25,112803,bounce,,,
Indoor Match 1 15.53.25,112819,hit,forehand,,
Indoor Match 1 15.53.25,112844,bounce,,,
Indoor Match 1 15.53.25,112858,hit,forehand,,
Indoor Match 1 15.53.25,112883,bounce,,,
Indoor Match 1 15.53.25,112902,hit,backhand,,
Indoor Match 1 15.53.25,112933,bounce,,,
Indoor Match 1 15.53.25,112938,hit,backhand,,
Indoor Match 1 15.53.25,112968,bounce,,,
Indoor Match 1 15.53.25,112984,hit,backhand,,
Indoor Match 1 15.53.25,113012,bounce,,,
Indoor Match 1 15.53.25,113021,hit,backhand,,
Indoor Match 1 15.53.25,113061,bounce,,,
Indoor Match 1 15.53.25,113077,hit,backhand,,
Indoor Match 1 15.53.25,113099,bounce,,,
Indoor Match 1 15.53.25,113114,hit,forehand,,
Indoor Match 1 15.53.25,113166,hit,overhead,,
Indoor Match 1 15.53.25,113178,bounce,,,
Indoor Match 1 15.53.25,113178,point_end,,winner,
Indoor Match 1 15.53.25,114037,point_start,,,
Indoor Match 1 15.53.25,114037,hit,serve,,
Indoor Match 1 15.53.25,114054,bounce,,,
Indoor Match 1 15.53.25,114054,point_end,,unforced_error,
Indoor Match 1 15.53.25,114964,point_start,,,
Indoor Match 1 15.53.25,114964,hit,serve,,
Indoor Match 1 15.53.25,114982,bounce,,,
Indoor Match 1 15.53.25,114996,hit,forehand,,
Indoor Match 1 15.53.25,115020,bounce,,,
Indoor Match 1 15.53.25,115029,hit,forehand,,
Indoor Match 1 15.53.25,115059,bounce,,,
Indoor Match 1 15.53.25,115072,hit,forehand,,
Indoor Match 1 15.53.25,115092,bounce,,,
Indoor Match 1 15.53.25,115105,hit,backhand,,
Indoor Match 1 15.53.25,115173,hit,overhead,,
Indoor Match 1 15.53.25,115198,bounce,,,
Indoor Match 1 15.53.25,115207,hit,forehand,,
Indoor Match 1 15.53.25,115248,bounce,,,
Indoor Match 1 15.53.25,115257,hit,forehand,,
Indoor Match 1 15.53.25,115298,bounce,,,
Indoor Match 1 15.53.25,115312,hit,backhand,,
Indoor Match 1 15.53.25,115337,bounce,,,
Indoor Match 1 15.53.25,115349,hit,backhand,,
Indoor Match 1 15.53.25,115377,bounce,,,
Indoor Match 1 15.53.25,115393,hit,forehand,,
Indoor Match 1 15.53.25,115418,bounce,,,
Indoor Match 1 15.53.25,115433,hit,backhand,,
Indoor Match 1 15.53.25,115458,bounce,,,
Indoor Match 1 15.53.25,115474,hit,forehand,,
Indoor Match 1 15.53.25,115500,bounce,,,
Indoor Match 1 15.53.25,115516,hit,backhand,,
Indoor Match 1 15.53.25,115554,bounce,,,
Indoor Match 1 15.53.25,115566,hit,forehand,,
Indoor Match 1 15.53.25,115594,bounce,,,
Indoor Match 1 15.53.25,115609,hit,forehand,,
Indoor Match 1 15.53.25,115645,bounce,,,
Indoor Match 1 15.53.25,115669,hit,backhand,,
Indoor Match 1 15.53.25,115691,bounce,,,
Indoor Match 1 15.53.25,115707,hit,forehand,,
Indoor Match 1 15.53.25,115752,bounce,,,
Indoor Match 1 15.53.25,115765,hit,backhand,,
Indoor Match 1 15.53.25,115793,bounce,,,
Indoor Match 1 15.53.25,115803,hit,backhand,,
Indoor Match 1 15.53.25,115852,hit,overhead,,
Indoor Match 1 15.53.25,115865,bounce,,,
Indoor Match 1 15.53.25,115865,point_end,,winner,
Indoor Match 1 15.53.25,117091,point_start,,,
Indoor Match 1 15.53.25,117091,hit,serve,,
Indoor Match 1 15.53.25,117107,bounce,,,
Indoor Match 1 15.53.25,117118,hit,forehand,,
Indoor Match 1 15.53.25,117159,bounce,,,
Indoor Match 1 15.53.25,117181,hit,forehand,,
Indoor Match 1 15.53.25,117220,bounce,,,
Indoor Match 1 15.53.25,117230,hit,forehand,,
Indoor Match 1 15.53.25,117259,bounce,,,
Indoor Match 1 15.53.25,117280,hit,backhand,,
Indoor Match 1 15.53.25,117306,bounce,,,
Indoor Match 1 15.53.25,117316,hit,backhand,,
Indoor Match 1 15.53.25,117342,bounce,,,
Indoor Match 1 15.53.25,117356,hit,forehand,,
Indoor Match 1 15.53.25,117405,bounce,,,
Indoor Match 1 15.53.25,117418,hit,forehand,,
Indoor Match 1 15.53.25,117435,bounce,,,
Indoor Match 1 15.53.25,117446,hit,backhand,,
Indoor Match 1 15.53.25,117483,hit,volley,,
Indoor Match 1 15.53.25,117507,bounce,,,
Indoor Match 1 15.53.25,117507,point_end,,winner,
Indoor Match 1 15.53.25,118590,point_start,,,
Indoor Match 1 15.53.25,118590,hit,serve,,
Indoor Match 1 15.53.25,118608,bounce,,,
Indoor Match 1 15.53.25,118608,point_end,,unforced_error,
Indoor Match 1 15.53.25,119350,point_start,,,
Indoor Match 1 15.53.25,119350,hit,serve,,
Indoor Match 1 15.53.25,119370,bounce,,,
Indoor Match 1 15.53.25,119383,hit,backhand,,
Indoor Match 1 15.53.25,119404,bounce,,,
Indoor Match 1 15.53.25,119404,point_end,,unforced_error,
Indoor Match 1 15.53.25,120476,point_start,,,
Indoor Match 1 15.53.25,120476,hit,serve,,
Indoor Match 1 15.53.25,120493,bounce,,,
Indoor Match 1 15.53.25,120508,hit,forehand,,
Indoor Match 1 15.53.25,120545,bounce,,,
Indoor Match 1 15.53.25,120571,hit,forehand,,
Indoor Match 1 15.53.25,120598,bounce,,,
Indoor Match 1 15.53.25,120618,hit,forehand,,
Indoor Match 1 15.53.25,120653,bounce,,,
Indoor Match 1 15.53.25,120676,hit,forehand,,
Indoor Match 1 15.53.25,120710,bounce,,,
Indoor Match 1 15.53.25,120719,hit,backhand,,
Indoor Match 1 15.53.25,120757,bounce,,,
Indoor Match 1 15.53.25,120773,hit,forehand,,
Indoor Match 1 15.53.25,120793,bounce,,,
Indoor Match 1 15.53.25,120808,hit,backhand,,
Indoor Match 1 15.53.25,120855,bounce,,,
Indoor Match 1 15.53.25,120871,hit,forehand,,
Indoor Match 1 15.53.25,120897,bounce,,,
Indoor Match 1 15.53.25,120912,hit,backhand,,
Indoor Match 1 15.53.25,120950,hit,overhead,,
Indoor Match 1 15.53.25,120969,bounce,,,
Indoor Match 1 15.53.25,120993,hit,forehand,,
Indoor Match 1 15.53.25,121053,bounce,,,
Indoor Match 1 15.53.25,121080,hit,forehand,,
Indoor Match 1 15.53.25,121167,bounce,,,
Indoor Match 1 15.53.25,121215,hit,forehand,,
Indoor Match 1 15.53.25,121244,bounce,,,
Indoor Match 1 15.53.25,121265,hit,backhand,,
Indoor Match 1 15.53.25,121294,bounce,,,
Indoor Match 1 15.53.25,121306,hit,backhand,,
Indoor Match 1 15.53.25,121333,bounce,,,
Indoor Match 1 15.53.25,121348,hit,backhand,,
Indoor Match 1 15.53.25,121390,bounce,,,
Indoor Match 1 15.53.25,121403,hit,forehand,,
Indoor Match 1 15.53.25,121434,bounce,,,
Indoor Match 1 15.53.25,121452,hit,backhand,,
Indoor Match 1 15.53.25,121475,bounce,,,
Indoor Match 1 15.53.25,121487,hit,backhand,,
Indoor Match 1 15.53.25,121547,bounce,,,
Indoor Match 1 15.53.25,121573,hit,forehand,,
Indoor Match 1 15.53.25,121597,bounce,,,
Indoor Match 1 15.53.25,121614,hit,backhand,,
Indoor Match 1 15.53.25,121651,bounce,,,
Indoor Match 1 15.53.25,121667,hit,backhand,,
Indoor Match 1 15.53.25,121697,bounce,,,
Indoor Match 1 15.53.25,121704,hit,backhand,,
Indoor Match 1 15.53.25,121730,bounce,,,
Indoor Match 1 15.53.25,121746,hit,forehand,,
Indoor Match 1 15.53.25,121773,bounce,,,
Indoor Match 1 15.53.25,121788,hit,forehand,,
Indoor Match 1 15.53.25,121807,bounce,,,
Indoor Match 1 15.53.25,121824,hit,backhand,,
Indoor Match 1 15.53.25,121871,hit,volley,,
Indoor Match 1 15.53.25,121888,bounce,,,
Indoor Match 1 15.53.25,121888,point_end,,winner,
Indoor Match 1 15.53.25,124961,point_start,,,
Indoor Match 1 15.53.25,124961,hit,serve,,
Indoor Match 1 15.53.25,124978,bounce,,,
Indoor Match 1 15.53.25,124992,hit,forehand,,
Indoor Match 1 15.53.25,125018,bounce,,,
Indoor Match 1 15.53.25,125031,hit,backhand,,
Indoor Match 1 15.53.25,125054,bounce,,,
Indoor Match 1 15.53.25,125054,point_end,,winner,
Indoor Match 1 15.53.25,125955,point_start,,,
Indoor Match 1 15.53.25,125955,hit,serve,,
Indoor Match 1 15.53.25,125970,bounce,,,
Indoor Match 1 15.53.25,125982,hit,backhand,,
Indoor Match 1 15.53.25,126016,bounce,,,
Indoor Match 1 15.53.25,126026,hit,backhand,,
Indoor Match 1 15.53.25,126066,bounce,,,
Indoor Match 1 15.53.25,126083,hit,backhand,,
Indoor Match 1 15.53.25,126106,bounce,,,
Indoor Match 1 15.53.25,126120,hit,backhand,,
Indoor Match 1 15.53.25,126153,bounce,,,
Indoor Match 1 15.53.25,126166,hit,backhand,,
Indoor Match 1 15.53.25,126186,bounce,,,
Indoor Match 1 15.53.25,126207,hit,backhand,,
Indoor Match 1 15.53.25,126249,bounce,,,
Indoor Match 1 15.53.25,126262,hit,backhand,,
Indoor Match 1 15.53.25,126301,bounce,,,
Indoor Match 1 15.53.25,127470,point_start,,,
Indoor Match 1 15.53.25,127470,hit,serve,,
Indoor Match 1 15.53.25,127487,bounce,,,
Indoor Match 1 15.53.25,127487,point_end,,unforced_error,
Indoor Match 1 15.53.25,127762,point_start,,,
Indoor Match 1 15.53.25,127762,hit,serve,,
Indoor Match 1 15.53.25,127781,bounce,,,
Indoor Match 1 15.53.25,127801,hit,forehand,,
Indoor Match 1 15.53.25,127823,bounce,,,
Indoor Match 1 15.53.25,127836,hit,backhand,,
Indoor Match 1 15.53.25,127865,hit,backhand,,
Indoor Match 1 15.53.25,127880,hit,backhand,,
Indoor Match 1 15.53.25,127907,bounce,,,
Indoor Match 1 15.53.25,127919,hit,backhand,,
Indoor Match 1 15.53.25,127944,bounce,,,
Indoor Match 1 15.53.25,127955,hit,forehand,,
Indoor Match 1 15.53.25,127983,bounce,,,
Indoor Match 1 15.53.25,127998,hit,forehand,,
Indoor Match 1 15.53.25,128029,bounce,,,
Indoor Match 1 15.53.25,128043,hit,forehand,,
Indoor Match 1 15.53.25,128068,bounce,,,
Indoor Match 1 15.53.25,128078,hit,forehand,,
Indoor Match 1 15.53.25,128106,bounce,,,
Indoor Match 1 15.53.25,128123,hit,backhand,,
Indoor Match 1 15.53.25,128158,bounce,,,
Indoor Match 1 15.53.25,128179,hit,forehand,,
Indoor Match 1 15.53.25,128206,bounce,,,
Indoor Match 1 15.53.25,128222,hit,backhand,,
Indoor Match 1 15.53.25,128250,bounce,,,
Indoor Match 1 15.53.25,128270,hit,backhand,,
Indoor Match 1 15.53.25,128304,bounce,,,
Indoor Match 1 15.53.25,128324,hit,backhand,,
Indoor Match 1 15.53.25,128352,bounce,,,
Indoor Match 1 15.53.25,128362,hit,forehand,,
Indoor Match 1 15.53.25,128390,hit,overhead,,
Indoor Match 1 15.53.25,128400,bounce,,,
Indoor Match 1 15.53.25,128400,point_end,,winner,
Indoor Match 1 15.53.25,129301,point_start,,,
Indoor Match 1 15.53.25,129301,hit,serve,,
Indoor Match 1 15.53.25,129318,bounce,,,
Indoor Match 1 15.53.25,129334,hit,backhand,,
Indoor Match 1 15.53.25,129363,bounce,,,
Indoor Match 1 15.53.25,129371,hit,backhand,,
Indoor Match 1 15.53.25,129409,bounce,,,
Indoor Match 1 15.53.25,129409,point_end,,unforced_error,
Indoor Match 1 15.53.25,130166,point_start,,,
Indoor Match 1 15.53.25,130166,hit,serve,,
Indoor Match 1 15.53.25,130181,bounce,,,
Indoor Match 1 15.53.25,130197,hit,forehand,,
Indoor Match 1 15.53.25,130229,bounce,,,
Indoor Match 1 15.53.25,130251,hit,forehand,,
Indoor Match 1 15.53.25,130288,bounce,,,
Indoor Match 1 15.53.25,130303,hit,backhand,,
Indoor Match 1 15.53.25,130331,bounce,,,
Indoor Match 1 15.53.25,130352,hit,backhand,,
Indoor Match 1 15.53.25,130376,bounce,,,
Indoor Match 1 15.53.25,130395,hit,backhand,,
Indoor Match 1 15.53.25,130424,bounce,,,
Indoor Match 1 15.53.25,130438,hit,forehand,,
Indoor Match 1 15.53.25,130477,bounce,,,
Indoor Match 1 15.53.25,130487,hit,backhand,,
Indoor Match 1 15.53.25,130517,bounce,,,
Indoor Match 1 15.53.25,130530,hit,backhand,,
Indoor Match 1 15.53.25,130554,bounce,,,
Indoor Match 1 15.53.25,130568,hit,forehand,,
Indoor Match 1 15.53.25,130598,bounce,,,
Indoor Match 1 15.53.25,130608,hit,forehand,,
Indoor Match 1 15.53.25,130635,bounce,,,
Indoor Match 1 15.53.25,130648,hit,forehand,,
Indoor Match 1 15.53.25,130672,bounce,,,
Indoor Match 1 15.53.25,130691,hit,backhand,,
Indoor Match 1 15.53.25,130735,bounce,,,
Indoor Match 1 15.53.25,130749,hit,forehand,,
Indoor Match 1 15.53.25,130780,bounce,,,
Indoor Match 1 15.53.25,130790,hit,forehand,,
Indoor Match 1 15.53.25,130819,bounce,,,
Indoor Match 1 15.53.25,130827,hit,backhand,,
Indoor Match 1 15.53.25,130859,bounce,,,
Indoor Match 1 15.53.25,130871,hit,backhand,,
Indoor Match 1 15.53.25,130902,bounce,,,
Indoor Match 1 15.53.25,130902,point_end,,unforced_error,
Indoor Match 1 15.53.25,131757,point_start,,,
Indoor Match 1 15.53.25,131757,hit,serve,,
Indoor Match 1 15.53.25,131779,bounce,,,
Indoor Match 1 15.53.25,131779,point_end,,unforced_error,
Indoor Match 1 15.53.25,132273,point_start,,,
Indoor Match 1 15.53.25,132273,hit,serve,,
Indoor Match 1 15.53.25,132291,bounce,,,
Indoor Match 1 15.53.25,132309,hit,forehand,,
Indoor Match 1 15.53.25,132339,bounce,,,
Indoor Match 1 15.53.25,132362,hit,forehand,,
Indoor Match 1 15.53.25,132407,bounce,,,
Indoor Match 1 15.53.25,132418,hit,backhand,,
Indoor Match 1 15.53.25,132446,bounce,,,
Indoor Match 1 15.53.25,132464,hit,backhand,,
Indoor Match 1 15.53.25,132530,hit,volley,,
Indoor Match 1 15.53.25,132544,bounce,,,
Indoor Match 1 15.53.25,132544,point_end,,winner,
Indoor Match 1 15.53.25,133722,point_start,,,
Indoor Match 1 15.53.25,133722,hit,serve,,
Indoor Match 1 15.53.25,133739,bounce,,,
Indoor Match 1 15.53.25,133750,hit,forehand,,
Indoor Match 1 15.53.25,133781,bounce,,,
Indoor Match 1 15.53.25,133801,hit,forehand,,
Indoor Match 1 15.53.25,133823,bounce,,,
Indoor Match 1 15.53.25,133842,hit,forehand,,
Indoor Match 1 15.53.25,133888,bounce,,,
Indoor Match 1 15.53.25,133897,hit,backhand,,
Indoor Match 1 15.53.25,133928,bounce,,,
Indoor Match 1 15.53.25,133931,hit,backhand,,
Indoor Match 1 15.53.25,133985,bounce,,,
Indoor Match 1 15.53.25,133985,point_end,,unforced_error,
Indoor Match 1 15.53.25,134866,point_start,,,
Indoor Match 1 15.53.25,134866,hit,serve,,
Indoor Match 1 15.53.25,134880,bounce,,,
Indoor Match 1 15.53.25,134894,hit,forehand,,
Indoor Match 1 15.53.25,134935,bounce,,,
Indoor Match 1 15.53.25,134950,hit,forehand,,
Indoor Match 1 15.53.25,134976,bounce,,,
Indoor Match 1 15.53.25,134989,hit,backhand,,
Indoor Match 1 15.53.25,135015,bounce,,,
Indoor Match 1 15.53.25,135030,hit,forehand,,
Indoor Match 1 15.53.25,135059,bounce,,,
Indoor Match 1 15.53.25,135075,hit,forehand,,
Indoor Match 1 15.53.25,135115,bounce,,,
Indoor Match 1 15.53.25,135128,hit,backhand,,
Indoor Match 1 15.53.25,135149,bounce,,,
Indoor Match 1 15.53.25,135166,hit,backhand,,
Indoor Match 1 15.53.25,135198,bounce,,,
Indoor Match 1 15.53.25,135198,point_end,,unforced_error,
Indoor Match 1 15.53.25,136171,point_start,,,
Indoor Match 1 15.53.25,136171,hit,serve,,
Indoor Match 1 15.53.25,136183,point_end,,net_error,
Indoor Match 1 15.53.25,136823,point_start,,,
Indoor Match 1 15.53.25,136823,hit,serve,,
Indoor Match 1 15.53.25,136840,bounce,,,
Indoor Match 1 15.53.25,136854,hit,forehand,,
Indoor Match 1 15.53.25,136864,point_end,,net_error,
Indoor Match 1 15.53.25,137683,point_start,,,
Indoor Match 1 15.53.25,137683,hit,serve,,
Indoor Match 1 15.53.25,137698,bounce,,,
Indoor Match 1 15.53.25,137710,hit,forehand,,
Indoor Match 1 15.53.25,137754,bounce,,,
Indoor Match 1 15.53.25,137767,hit,backhand,,
Indoor Match 1 15.53.25,137792,bounce,,,
Indoor Match 1 15.53.25,137807,hit,forehand,,
Indoor Match 1 15.53.25,137843,bounce,,,
Indoor Match 1 15.53.25,137863,hit,backhand,,
Indoor Match 1 15.53.25,137894,bounce,,,
Indoor Match 1 15.53.25,137904,hit,backhand,,
Indoor Match 1 15.53.25,137928,bounce,,,
Indoor Match 1 15.53.25,137946,hit,backhand,,
Indoor Match 1 15.53.25,137981,bounce,,,
Indoor Match 1 15.53.25,137989,hit,forehand,,
Indoor Match 1 15.53.25,138021,bounce,,,
Indoor Match 1 15.53.25,138037,hit,forehand,,
Indoor Match 1 15.53.25,138057,bounce,,,
Indoor Match 1 15.53.25,138057,point_end,,winner,
Indoor Match 1 15.53.25,139203,point_start,,,
Indoor Match 1 15.53.25,139203,hit,serve,,
Indoor Match 1 15.53.25,139218,bounce,,,
Indoor Match 1 15.53.25,139230,hit,forehand,,
Indoor Match 1 15.53.25,139256,bounce,,,
Indoor Match 1 15.53.25,139268,hit,backhand,,
Indoor Match 1 15.53.25,139298,bounce,,,
Indoor Match 1 15.53.25,139312,hit,forehand,,
Indoor Match 1 15.53.25,139342,bounce,,,
Indoor Match 1 15.53.25,139356,hit,backhand,,
Indoor Match 1 15.53.25,139377,bounce,,,
Indoor Match 1 15.53.25,139394,hit,backhand,,
Indoor Match 1 15.53.25,139436,bounce,,,
Indoor Match 1 15.53.25,139449,hit,backhand,,
Indoor Match 1 15.53.25,139490,bounce,,,
Indoor Match 1 15.53.25,139501,hit,backhand,,
Indoor Match 1 15.53.25,139541,bounce,,,
Indoor Match 1 15.53.25,139562,hit,forehand,,
Indoor Match 1 15.53.25,139583,bounce,,,
Indoor Match 1 15.53.25,139583,point_end,,winner,
Indoor Match 1 15.53.25,142051,point_start,,,
Indoor Match 1 15.53.25,142051,hit,serve,,
Indoor Match 1 15.53.25,142068,bounce,,,
Indoor Match 1 15.53.25,142084,hit,forehand,,
Indoor Match 1 15.53.25,142109,bounce,,,
Indoor Match 1 15.53.25,142123,hit,forehand,,
Indoor Match 1 15.53.25,142156,bounce,,,
Indoor Match 1 15.53.25,142170,hit,backhand,,
Indoor Match 1 15.53.25,142203,bounce,,,
Indoor Match 1 15.53.25,142212,hit,backhand,,
Indoor Match 1 15.53.25,142240,bounce,,,
Indoor Match 1 15.53.25,142252,hit,forehand,,
Indoor Match 1 15.53.25,142283,bounce,,,
Indoor Match 1 15.53.25,142291,hit,forehand,,
Indoor Match 1 15.53.25,142323,bounce,,,
Indoor Match 1 15.53.25,142338,hit,backhand,,
Indoor Match 1 15.53.25,142370,bounce,,,
Indoor Match 1 15.53.25,142376,hit,backhand,,
Indoor Match 1 15.53.25,142412,bounce,,,
Indoor Match 1 15.53.25,142426,hit,backhand,,
Indoor Match 1 15.53.25,142456,bounce,,,
Indoor Match 1 15.53.25,142477,hit,backhand,,
Indoor Match 1 15.53.25,142521,bounce,,,
Indoor Match 1 15.53.25,142538,hit,forehand,,
Indoor Match 1 15.53.25,142565,bounce,,,
Indoor Match 1 15.53.25,142565,point_end,,winner,
Indoor Match 1 15.53.25,143238,hit,serve,,
Indoor Match 1 15.53.25,143238,point_start,,,
Indoor Match 1 15.53.25,143253,bounce,,,
Indoor Match 1 15.53.25,143269,hit,backhand,,
Indoor Match 1 15.53.25,143294,bounce,,,
Indoor Match 1 15.53.25,143300,hit,backhand,,
Indoor Match 1 15.53.25,143335,bounce,,,
Indoor Match 1 15.53.25,143348,hit,forehand,,
Indoor Match 1 15.53.25,143375,bounce,,,
Indoor Match 1 15.53.25,143375,point_end,,winner,
Indoor Match 1 15.53.25,144133,point_start,,,
Indoor Match 1 15.53.25,144133,hit,serve,,
Indoor Match 1 15.53.25,144150,bounce,,,
Indoor Match 1 15.53.25,144160,hit,forehand,,
Indoor Match 1 15.53.25,144193,bounce,,,
Indoor Match 1 15.53.25,144205,hit,forehand,,
Indoor Match 1 15.53.25,144229,bounce,,,
Indoor Match 1 15.53.25,144249,hit,backhand,,
Indoor Match 1 15.53.25,144295,bounce,,,
Indoor Match 1 15.53.25,144308,hit,backhand,,
Indoor Match 1 15.53.25,144343,bounce,,,
Indoor Match 1 15.53.25,144354,hit,forehand,,
Indoor Match 1 15.53.25,144383,bounce,,,
Indoor Match 1 15.53.25,144394,hit,forehand,,
Indoor Match 1 15.53.25,144421,bounce,,,
Indoor Match 1 15.53.25,144446,hit,backhand,,
Indoor Match 1 15.53.25,144476,bounce,,,
Indoor Match 1 15.53.25,144488,hit,backhand,,
Indoor Match 1 15.53.25,144517,bounce,,,
Indoor Match 1 15.53.25,144528,hit,backhand,,
Indoor Match 1 15.53.25,144555,bounce,,,
Indoor Match 1 15.53.25,144569,hit,forehand,,
Indoor Match 1 15.53.25,144601,bounce,,,
Indoor Match 1 15.53.25,144606,hit,backhand,,
Indoor Match 1 15.53.25,144637,hit,volley,,
Indoor Match 1 15.53.25,144676,bounce,,,
Indoor Match 1 15.53.25,144689,hit,backhand,,
Indoor Match 1 15.53.25,144730,hit,overhead,,
Indoor Match 1 15.53.25,144745,bounce,,,
Indoor Match 1 15.53.25,144745,point_end,,unforced_error,
Indoor Match 1 15.53.25,145693,point_start,,,
Indoor Match 1 15.53.25,145693,hit,serve,,
Indoor Match 1 15.53.25,145705,point_end,,net_error,
Indoor Match 1 15.53.25,145907,point_start,,,
Indoor Match 1 15.53.25,145907,hit,serve,,
Indoor Match 1 15.53.25,145924,bounce,,,
Indoor Match 1 15.53.25,145937,hit,forehand,,
Indoor Match 1 15.53.25,145959,bounce,,,
Indoor Match 1 15.53.25,145976,hit,forehand,,
Indoor Match 1 15.53.25,146009,bounce,,,
Indoor Match 1 15.53.25,146021,hit,backhand,,
Indoor Match 1 15.53.25,146044,bounce,,,
Indoor Match 1 15.53.25,146056,hit,backhand,,
Indoor Match 1 15.53.25,146085,bounce,,,
Indoor Match 1 15.53.25,146085,point_end,,winner,
Indoor Match 1 15.53.25,146944,point_start,,,
Indoor Match 1 15.53.25,146944,hit,serve,,
Indoor Match 1 15.53.25,146969,bounce,,,
Indoor Match 1 15.53.25,146969,point_end,,unforced_error,
Indoor Match 1 15.53.25,147221,point_start,,,
Indoor Match 1 15.53.25,147221,hit,serve,,
Indoor Match 1 15.53.25,147238,bounce,,,
Indoor Match 1 15.53.25,147254,hit,forehand,,
Indoor Match 1 15.53.25,147283,bounce,,,
Indoor Match 1 15.53.25,147292,hit,backhand,,
Indoor Match 1 15.53.25,147321,bounce,,,
Indoor Match 1 15.53.25,147336,hit,forehand,,
Indoor Match 1 15.53.25,147368,bounce,,,
Indoor Match 1 15.53.25,147376,hit,backhand,,
Indoor Match 1 15.53.25,147399,bounce,,,
Indoor Match 1 15.53.25,147413,hit,backhand,,
Indoor Match 1 15.53.25,147455,bounce,,,
Indoor Match 1 15.53.25,147467,hit,forehand,,
Indoor Match 1 15.53.25,147507,bounce,,,
Indoor Match 1 15.53.25,147519,hit,backhand,,
Indoor Match 1 15.53.25,147546,bounce,,,
Indoor Match 1 15.53.25,147561,hit,backhand,,
Indoor Match 1 15.53.25,147585,bounce,,,
Indoor Match 1 15.53.25,147600,hit,forehand,,
Indoor Match 1 15.53.25,147626,bounce,,,
Indoor Match 1 15.53.25,147645,hit,forehand,,
Indoor Match 1 15.53.25,147676,bounce,,,
Indoor Match 1 15.53.25,147693,hit,forehand,,
Indoor Match 1 15.53.25,147721,bounce,,,
Indoor Match 1 15.53.25,147728,hit,forehand,,
Indoor Match 1 15.53.25,147777,hit,overhead,,
Indoor Match 1 15.53.25,147822,bounce,,,
Indoor Match 1 15.53.25,147822,point_end,,unforced_error,
Indoor Match 1 15.53.25,148646,point_start,,,
Indoor Match 1 15.53.25,148646,hit,serve,,
Indoor Match 1 15.53.25,148662,bounce,,,
Indoor Match 1 15.53.25,148680,hit,backhand,,
Indoor Match 1 15.53.25,148711,bounce,,,
Indoor Match 1 15.53.25,148730,hit,forehand,,
Indoor Match 1 15.53.25,148751,bounce,,,
Indoor Match 1 15.53.25,148766,hit,backhand,,
Indoor Match 1 15.53.25,148803,bounce,,,
Indoor Match 1 15.53.25,148803,point_end,,unforced_error,
Indoor Match 1 15.53.25,149274,point_start,,,
Indoor Match 1 15.53.25,149274,hit,serve,,
Indoor Match 1 15.53.25,149287,bounce,,,
Indoor Match 1 15.53.25,149299,hit,forehand,,
Indoor Match 1 15.53.25,149328,bounce,,,
Indoor Match 1 15.53.25,149341,hit,backhand,,
Indoor Match 1 15.53.25,149364,bounce,,,
Indoor Match 1 15.53.25,149379,hit,forehand,,
Indoor Match 1 15.53.25,149403,hit,volley,,
Indoor Match 1 15.53.25,149428,bounce,,,
Indoor Match 1 15.53.25,149450,hit,backhand,,
Indoor Match 1 15.53.25,149500,hit,overhead,,
Indoor Match 1 15.53.25,149516,hit,backhand,,
Indoor Match 1 15.53.25,149522,bounce,,,
Indoor Match 1 15.53.25,149522,point_end,,forced_error,
Indoor Match 1 15.53.25,151076,point_start,,,
Indoor Match 1 15.53.25,151076,hit,serve,,
Indoor Match 1 15.53.25,151092,bounce,,,
Indoor Match 1 15.53.25,151105,hit,forehand,,
Indoor Match 1 15.53.25,151135,bounce,,,
Indoor Match 1 15.53.25,151150,hit,forehand,,
Indoor Match 1 15.53.25,151174,bounce,,,
Indoor Match 1 15.53.25,151194,hit,backhand,,
Indoor Match 1 15.53.25,151225,bounce,,,
Indoor Match 1 15.53.25,151236,hit,backhand,,
Indoor Match 1 15.53.25,151257,bounce,,,
Indoor Match 1 15.53.25,151270,hit,backhand,,
Indoor Match 1 15.53.25,151302,bounce,,,
Indoor Match 1 15.53.25,151302,point_end,,unforced_error,
Indoor Match 1 15.53.25,152500,point_start,,,
Indoor Match 1 15.53.25,152500,hit,serve,,
Indoor Match 1 15.53.25,152517,bounce,,,
Indoor Match 1 15.53.25,152517,point_end,,unforced_error,
Indoor Match 1 15.53.25,153197,point_start,,,
Indoor Match 1 15.53.25,153197,hit,serve,,
Indoor Match 1 15.53.25,153214,point_end,,net_error,
Indoor Match 1 15.53.25,154269,point_start,,,
Indoor Match 1 15.53.25,154269,hit,serve,,
Indoor Match 1 15.53.25,154283,bounce,,,
Indoor Match 1 15.53.25,154299,hit,forehand,,
Indoor Match 1 15.53.25,154326,bounce,,,
Indoor Match 1 15.53.25,154344,hit,backhand,,
Indoor Match 1 15.53.25,154369,bounce,,,
Indoor Match 1 15.53.25,154381,hit,backhand,,
Indoor Match 1 15.53.25,154413,bounce,,,
Indoor Match 1 15.53.25,154428,hit,backhand,,
Indoor Match 1 15.53.25,154453,bounce,,,
Indoor Match 1 15.53.25,154466,hit,backhand,,
Indoor Match 1 15.53.25,154499,bounce,,,
Indoor Match 1 15.53.25,154512,hit,backhand,,
Indoor Match 1 15.53.25,154539,bounce,,,
Indoor Match 1 15.53.25,154550,hit,forehand,,
Indoor Match 1 15.53.25,154588,bounce,,,
Indoor Match 1 15.53.25,154597,hit,backhand,,
Indoor Match 1 15.53.25,154634,bounce,,,
Indoor Match 1 15.53.25,154646,hit,forehand,,
Indoor Match 1 15.53.25,154672,bounce,,,
Indoor Match 1 15.53.25,154690,hit,backhand,,
Indoor Match 1 15.53.25,154717,bounce,,,
Indoor Match 1 15.53.25,154728,hit,forehand,,
Indoor Match 1 15.53.25,154748,bounce,,,
Indoor Match 1 15.53.25,154763,hit,forehand,,
Indoor Match 1 15.53.25,154780,point_end,,net_error,
Indoor Match 1 15.53.25,155796,point_start,,,
Indoor Match 1 15.53.25,155796,hit,serve,,
Indoor Match 1 15.53.25,155811,bounce,,,
Indoor Match 1 15.53.25,155825,hit,forehand,,
Indoor Match 1 15.53.25,155853,bounce,,,
Indoor Match 1 15.53.25,155869,hit,forehand,,
Indoor Match 1 15.53.25,155901,bounce,,,
Indoor Match 1 15.53.25,155907,hit,forehand,,
Indoor Match 1 15.53.25,155950,bounce,,,
Indoor Match 1 15.53.25,155975,hit,forehand,,
Indoor Match 1 15.53.25,155997,bounce,,,
Indoor Match 1 15.53.25,155997,point_end,,unforced_error,
Indoor Match 1 15.53.25,157231,point_start,,,
Indoor Match 1 15.53.25,157231,hit,serve,,
Indoor Match 1 15.53.25,157247,bounce,,,
Indoor Match 1 15.53.25,157247,point_end,,unforced_error,
Indoor Match 1 15.53.25,157931,point_start,,,
Indoor Match 1 15.53.25,157931,hit,serve,,
Indoor Match 1 15.53.25,157950,bounce,,,
Indoor Match 1 15.53.25,157950,point_end,,unforced_error,
Indoor Match 1 15.53.25,158482,point_start,,,
Indoor Match 1 15.53.25,158482,hit,serve,,
Indoor Match 1 15.53.25,158500,bounce,,,
Indoor Match 1 15.53.25,158514,hit,forehand,,
Indoor Match 1 15.53.25,158538,bounce,,,
Indoor Match 1 15.53.25,158557,hit,forehand,,
Indoor Match 1 15.53.25,158582,bounce,,,
Indoor Match 1 15.53.25,158598,hit,forehand,,
Indoor Match 1 15.53.25,158635,bounce,,,
Indoor Match 1 15.53.25,158646,hit,backhand,,
Indoor Match 1 15.53.25,158673,bounce,,,
Indoor Match 1 15.53.25,158690,hit,backhand,,
Indoor Match 1 15.53.25,158722,bounce,,,
Indoor Match 1 15.53.25,158736,hit,backhand,,
Indoor Match 1 15.53.25,158770,bounce,,,
Indoor Match 1 15.53.25,158787,hit,backhand,,
Indoor Match 1 15.53.25,158820,bounce,,,
Indoor Match 1 15.53.25,158831,hit,forehand,,
Indoor Match 1 15.53.25,158863,bounce,,,
Indoor Match 1 15.53.25,158870,hit,backhand,,
Indoor Match 1 15.53.25,158916,bounce,,,
Indoor Match 1 15.53.25,158932,hit,forehand,,
Indoor Match 1 15.53.25,158956,bounce,,,
Indoor Match 1 15.53.25,158956,point_end,,winner,
Indoor Match 1 15.53.25,159742,point_start,,,
Indoor Match 1 15.53.25,159742,hit,serve,,
Indoor Match 1 15.53.25,159758,bounce,,,
Indoor Match 1 15.53.25,159769,hit,forehand,,
Indoor Match 1 15.53.25,159799,bounce,,,
Indoor Match 1 15.53.25,159817,hit,backhand,,
Indoor Match 1 15.53.25,159838,bounce,,,
Indoor Match 1 15.53.25,159855,hit,backhand,,
Indoor Match 1 15.53.25,159892,bounce,,,
Indoor Match 1 15.53.25,159905,hit,backhand,,
Indoor Match 1 15.53.25,159930,bounce,,,
Indoor Match 1 15.53.25,159944,hit,backhand,,
Indoor Match 1 15.53.25,159984,bounce,,,
Indoor Match 1 15.53.25,160008,hit,backhand,,
Indoor Match 1 15.53.25,160041,bounce,,,
Indoor Match 1 15.53.25,160057,hit,forehand,,
Indoor Match 1 15.53.25,160097,hit,overhead,,
Indoor Match 1 15.53.25,160143,bounce,,,
Indoor Match 1 15.53.25,160143,point_end,,unforced_error,
Indoor Match 1 15.53.25,163163,point_start,,,
Indoor Match 1 15.53.25,163163,hit,serve,,
Indoor Match 1 15.53.25,163181,bounce,,,
Indoor Match 1 15.53.25,163193,hit,forehand,,
Indoor Match 1 15.53.25,163224,bounce,,,
Indoor Match 1 15.53.25,163232,hit,backhand,,
Indoor Match 1 15.53.25,163264,bounce,,,
Indoor Match 1 15.53.25,163281,hit,forehand,,
Indoor Match 1 15.53.25,163306,bounce,,,
Indoor Match 1 15.53.25,163320,hit,backhand,,
Indoor Match 1 15.53.25,163347,bounce,,,
Indoor Match 1 15.53.25,163363,hit,forehand,,
Indoor Match 1 15.53.25,163393,bounce,,,
Indoor Match 1 15.53.25,163405,hit,backhand,,
Indoor Match 1 15.53.25,163436,bounce,,,
Indoor Match 1 15.53.25,163445,hit,forehand,,
Indoor Match 1 15.53.25,163470,bounce,,,
Indoor Match 1 15.53.25,163487,hit,forehand,,
Indoor Match 1 15.53.25,163509,bounce,,,
Indoor Match 1 15.53.25,163523,hit,backhand,,
Indoor Match 1 15.53.25,163581,hit,overhead,,
Indoor Match 1 15.53.25,163593,bounce,,,
Indoor Match 1 15.53.25,163606,hit,backhand,,
Indoor Match 1 15.53.25,163681,bounce,,,
Indoor Match 1 15.53.25,163681,point_end,,forced_error,
Indoor Match 1 15.53.25,164349,point_start,,,
Indoor Match 1 15.53.25,164349,hit,serve,,
Indoor Match 1 15.53.25,164364,bounce,,,
Indoor Match 1 15.53.25,164379,hit,backhand,,
Indoor Match 1 15.53.25,164408,hit,volley,,
Indoor Match 1 15.53.25,164445,bounce,,,
Indoor Match 1 15.53.25,164461,hit,forehand,,
Indoor Match 1 15.53.25,164483,bounce,,,
Indoor Match 1 15.53.25,164483,point_end,,winner,
Indoor Match 1 15.53.25,165244,point_start,,,
Indoor Match 1 15.53.25,165244,hit,serve,,
Indoor Match 1 15.53.25,165261,bounce,,,
Indoor Match 1 15.53.25,165274,hit,forehand,,
Indoor Match 1 15.53.25,165319,bounce,,,
Indoor Match 1 15.53.25,165319,point_end,,winner,
Indoor Match 1 15.53.25,165829,point_start,,,
Indoor Match 1 15.53.25,165829,hit,serve,,
Indoor Match 1 15.53.25,165843,bounce,,,
Indoor Match 1 15.53.25,165843,point_end,,unforced_error,
Indoor Match 1 15.53.25,166155,point_start,,,
Indoor Match 1 15.53.25,166155,hit,serve,,
Indoor Match 1 15.53.25,166175,bounce,,,
Indoor Match 1 15.53.25,166175,point_end,,unforced_error,
